TimeSlot,mMTC_BW,URLLC_BW,eMBB_BW
1,148.136800615947,511.754967623323,340.10823176073
2,148.313813381891,512.472502755152,339.213683862957
3,149.968828698908,516.144743078757,333.886428222336
4,153.304943763018,515.867036906798,330.828019330184
5,154.588953344961,520.163853320854,325.247193334184
6,155.742302657512,519.964028161234,324.293669181254
7,159.229934870002,493.965826753172,346.804238376826
8,165.011079263484,469.267535415513,365.721385321002
9,175.570151057681,445.804158644738,378.625690297581
10,181.854252237922,423.513950712501,394.631797049577
11,188.60024375415,402.338253176876,409.061503068974
12,191.581118777479,382.221340518032,426.197540704489
13,191.104883068178,387.150216558081,421.744900373741
14,194.717805114183,367.792705730177,437.48948915564
15,197.372300033597,349.403070443668,453.224629522735
16,198.923914777652,331.932916921485,469.143168300863
17,200.830909574549,315.33627107541,483.832819350041
18,198.702226981793,299.56945752164,501.728315496567
19,197.857414870044,284.590984645558,517.551600484398
20,203.601332429965,270.36143541328,526.037232156755
21,210.927195290824,256.843363642616,532.22944106656
22,215.359323174931,244.001195460485,540.639481364584
23,219.629316114097,231.801135687461,548.569548198442
24,220.839416702405,220.211078903088,558.949504394507
25,221.709266894206,209.200524957934,569.09020814786
26,219.310249424647,198.740498710037,581.949251865316
27,218.378401523906,188.803473774535,592.818124701559
28,218.682345565379,179.363300085808,601.954354348812
29,211.34355855443,185.395135081518,603.261306364052
30,210.150599207736,176.125378327442,613.724022464822
31,209.3959332935,167.31910941107,623.28495729543
32,200.206559807764,173.953153940516,625.840286251719
33,194.75394338125,180.255496243491,624.99056037526
34,195.827725530333,171.242721431316,632.929553038351
35,194.432330166573,162.68058535975,642.887084473677
36,193.76311248331,154.546556091763,651.690331424927
37,187.009583991672,181.517105893597,631.47331011473
38,179.478896763076,206.965442834262,613.555660402662
39,172.80450518802,232.889898516573,594.305596295407
40,164.9146393388,256.633149622039,578.452211039161
41,157.133639600451,278.676359150497,564.190001249051
42,149.418697106155,297.363333645032,553.217969248813
43,141.434267054106,316.468176569297,542.097556376597
44,134.878286178091,334.130510012663,530.991203809245
45,128.754858492217,352.540860433485,518.704281074298
46,122.290186926885,370.812250390655,506.89756268246
47,120.651017573819,388.263032263325,491.085950162856
48,124.302596053129,394.230556689337,481.466847257534
49,127.906317141454,395.204248942114,476.889433916432
50,132.629425389896,375.444036495009,491.926538115095
51,135.061085039293,356.671834670258,508.267080290449
52,139.219316699186,338.838242936745,521.942440364069
53,140.727750621556,321.896330789908,537.375918588536
54,142.736401549078,305.801514250413,551.462084200509
55,147.690583556137,290.511438537892,561.797977905971
56,152.20037147468,275.985866610997,571.813761914323
57,158.749005331162,262.186573280448,579.064421388391
58,166.384006639228,249.077244616425,584.538748744347
59,173.174262709448,236.623382385604,590.202354904948
60,180.772485689088,224.792213266324,594.435301044588
61,184.820780272266,213.552602603008,601.626617124726
62,187.947285298647,227.227430988406,584.825283712948
63,188.309219925397,240.792045979206,570.898734095397
64,190.612199486519,256.41262874561,552.975171767871
65,190.452047022266,271.201995042777,538.345957934957
66,191.993545557399,282.810420699202,525.196033743399
67,183.595406138616,310.048320163883,506.356273697501
68,184.389682440968,320.909574374043,494.700743184989
69,185.312181254851,333.512257827859,481.175560917291
70,187.491034416963,346.092406775111,466.416558807926
71,187.956843790785,355.277040162559,456.766116046656
72,188.129311174484,362.616332949698,449.254355875818
73,188.272425240735,370.755170478096,440.972404281169
74,188.638036924914,381.413684033801,429.948279041285
75,192.091368217055,388.909728152894,418.998903630051
76,191.049807538362,393.507574425991,415.442618035646
77,194.378168456498,373.832195704692,431.78963583881
78,199.920580620876,355.140585919457,444.938833459667
79,202.518232333676,337.383556623484,460.09821104284
80,205.50485271359,320.51437879231,473.980768494099
81,207.361150287768,304.488659852695,488.150189859537
82,213.014690493678,289.26422686006,497.721082646262
83,215.963332348587,274.801015517057,509.235652134356
84,220.861727229346,261.060964741204,518.07730802945
85,220.734274031035,273.774942184258,505.490783784707
86,225.292335617336,260.086195075045,514.621469307619
87,226.824594488406,247.081885321293,526.093520190301
88,226.131440240176,263.507124167783,510.361435592041
89,225.234337295082,281.503569451424,493.262093253494
90,223.320922345363,298.795938213217,477.88313944142
91,220.516844173979,315.901329523524,463.581826302496
92,222.177262783886,328.954421977848,448.868315238266
93,221.82919381267,337.279994567197,440.890811620133
94,213.44280938494,359.863010956782,426.694179658278
95,211.857346623484,341.869860408942,446.272792967574
96,211.005023185693,324.776367388495,464.218609425811
97,201.454864416464,345.537733799182,453.007401784354
98,198.68256248732,328.260847109223,473.056590403457
99,197.928240543447,311.847804753762,490.223954702791
100,198.635660266839,296.255414516074,505.108925217088
101,196.545824337976,281.44264379027,522.011531871754
102,189.247356830165,282.370511600756,528.382131569079
103,185.837386826749,268.251986020719,545.910627152533
104,176.608904694354,269.839386719683,553.551708585963
105,172.615037888092,256.347417383699,571.037544728209
106,169.63315503036,243.530046514514,586.836798455126
107,167.114578164981,231.353544188788,601.531877646231
108,160.093759109462,234.785866979349,605.12037391119
109,152.814027420587,238.046573630381,609.139398949032
110,146.931265226817,241.144244948862,611.924489824321
111,147.656396067956,229.087032701419,623.256571230625
112,148.947650994236,217.632681066348,633.419667939416
113,148.969257127704,206.751047013031,644.279695859265
114,148.016772611731,196.413494662379,655.56973272589
115,148.875290633819,186.59281992926,664.531889436921
116,149.758930178435,177.263178932797,672.977890888768
117,152.971970035385,168.400019986157,678.628009978458
118,159.159381386517,159.980018986849,680.860599626634
119,162.543844360962,151.981018037507,685.475137601531
120,163.379790576547,169.477779234382,667.142430189071
121,163.723024730616,186.642626806356,649.634348463027
122,172.322790337634,177.310495466039,650.366714196327
123,178.28973230218,168.444970692737,653.265297005084
124,186.288756734779,160.0227221581,653.688521107121
125,185.960065325306,152.021586050195,662.018348624499
126,186.4235926354,144.420506747685,669.155900616915
127,186.980112601297,137.199481410301,675.820405988402
128,185.731062298848,152.727674311434,661.541263389718
129,181.540576463434,169.779955107442,648.679468429125
130,178.736064175855,187.517684911538,633.746250912608
131,179.52521263277,207.593703997377,612.881083369853
132,182.922229031938,197.214018797508,619.863752170554
133,183.048396933686,187.353317857633,629.598285208682
134,181.62927889956,177.985651964751,640.385069135689
135,182.077642710136,169.086369366513,648.835987923351
136,179.581886508478,187.843913795654,632.574199695868
137,177.564334407193,178.451718105871,643.983947486936
138,176.72121002535,169.529132200578,653.749657774072
139,174.831881439011,161.052675590549,664.115442970441
140,174.42922516158,153.000041811021,672.570733027398
141,174.22246343455,145.35003972047,680.42749684498
142,170.678223519084,138.082537734447,691.239238746469
143,168.437306943889,131.178410847724,700.384282208386
144,168.644072409746,124.619490305338,706.736437284916
145,167.753137365848,118.388515790071,713.858346844081
146,166.20065401238,112.469090000568,721.330255987052
147,163.945798081442,106.845635500539,729.208566418019
148,165.108858119752,101.503353725512,733.387788154736
149,166.443236729285,99.6440898487706,733.912673421944
150,164.518259596691,99.4690229519886,736.012717451321
151,161.927417174056,99.4525704669955,738.620012358948
152,161.654388111303,99.4510245706064,738.89458731809
153,158.26915808911,99.4508793186879,742.279962592202
154,156.713262764713,99.450865670887,743.8358715644
155,154.873479235697,99.4508643885463,745.675656375757
156,155.024108372815,99.4508642680583,745.525027359127
157,155.443499991659,99.4508642567372,745.105635751603
158,153.265826799282,99.4508642556735,747.283308945044
159,151.213317949853,115.699886023959,733.086796026188
160,146.850312240177,132.362926025336,720.786761734487
161,145.244919593536,146.818761261872,707.936319144591
162,142.730615638871,162.666551046032,694.602833315097
163,141.264866030339,154.53322349373,704.20191047593
164,143.85843714037,146.806562319044,709.335000540586
165,143.208576431644,168.18665915515,688.604764413206
166,144.963609142713,185.750861443393,669.285529413894
167,145.977543631055,202.089492289844,651.932964079102
168,145.62395089448,217.264643454304,637.111405651215
169,146.931261407603,231.07344588041,621.995292711987
170,146.446691438072,242.528968840084,611.024339721844
171,139.088222370598,270.435941640065,590.475835989337
172,138.725086545197,280.578983580402,580.695929874401
173,136.654878711968,290.764012318156,572.581108969877
174,129.231591571412,312.305985187226,558.462423241362
175,123.422885616713,311.690685927865,564.886428455422
176,116.095388673914,311.106151631472,572.798459694614
177,110.067003945411,310.550844049898,579.382152004691
178,110.7429694556,295.023301847403,594.233728696996
179,105.083661927561,295.272136755033,599.644201317406
180,99.4854881459283,295.508529917282,605.00598193679
181,102.94585315188,280.733103421417,616.321043426702
182,105.093043605122,266.696448250347,628.210508144532
183,108.418078957543,253.361625837829,638.220295204628
184,108.75773882667,240.693544545938,650.548716627393
185,109.020754315256,228.658867318641,662.320378366103
186,108.91513834508,217.225923952709,673.858937702211
187,104.730741142941,221.364627755073,673.904631101985
188,97.2707165211213,245.682609551321,657.046673927558
189,93.2759350606212,267.707537722568,639.016527216811
190,95.1633961963306,254.322160836439,650.51444296723
191,97.1421234846517,241.606052794617,661.251823720731
192,99.5766109354803,229.525750154886,670.897638909633
193,104.263671505116,218.049462647142,677.686865847742
194,106.540053514969,207.146989514785,686.312956970246
195,108.05894665514,196.789640039046,695.151413305815
196,111.322160200276,186.950158037093,701.727681762631
197,118.573421458164,177.602650135239,703.823928406597
198,121.249905389685,168.722517628477,710.027576981839
199,121.053166771391,183.693835521202,695.252997707407
200,123.982713248608,174.509143745142,701.50814300625
201,127.584401726745,165.783686557885,706.63191171537
202,129.866826772926,157.494502229991,712.638670997083
203,136.226030002266,149.619777118491,714.154192879243
204,140.409368096592,142.138788262567,717.451843640842
205,143.224439634649,135.031848849438,721.743711515913
206,152.397236421299,128.280256406966,719.322507171734
207,157.843069721934,121.866243586618,720.290686691448
208,163.045234352623,115.772931407287,721.18183424009
209,166.29881214144,109.984284836923,723.716903021637
210,170.163774346339,104.485070595077,725.351155058584
211,171.99099777644,99.9261363053149,728.082865918245
212,174.811959902648,99.4955406439554,725.692499453397
213,178.671975941594,99.455062204176,721.87296185423
214,180.578916202496,99.4512586943089,719.969825103196
215,179.800227728949,99.450901316847,720.748870954204
216,177.306235492673,99.4508677378233,723.242896769504
217,174.249556094346,99.4508645827546,726.299579322899
218,174.512917369958,99.450864286306,726.036218343736
219,173.988109555104,99.4508642584518,726.561026186444
220,174.966853238653,99.4508642558346,725.582282505513
221,178.632786459186,99.4508642555887,721.916349285225
222,180.78751797493,99.4508642555656,719.761617769504
223,183.124179349782,99.4508642555635,717.424956394654
224,182.765582081534,99.4508642555632,717.783553662902
225,181.098344952105,99.4508642555632,719.450790792331
226,175.142153968994,109.478321042785,715.379524988221
227,167.961763167275,119.004404990646,713.03383184208
228,166.825511943164,113.054184741114,720.120303315722
229,162.033622523901,122.401475504058,715.564901972041
230,162.93575241015,116.281401728855,720.782845860995
231,164.750580174552,110.467331642412,724.782088183036
232,166.30156560171,123.580889562543,710.117544835747
233,159.853318498469,154.252666631552,685.894014869979
234,154.20392573036,181.162253298558,664.633820971082
235,158.492812623372,197.681897743898,643.82528963273
236,162.423278763668,217.672540679452,619.904180556881
237,163.03478349088,238.438654711772,598.526561797348
238,165.777052567696,254.730142021426,579.492805410878
239,164.076251416013,281.511998264729,554.411750319258
240,164.135312665951,290.088923889499,545.77576344455
241,159.070680244807,313.084372344667,527.844947410526
242,160.62210978703,316.503073483967,522.874816729003
243,167.634114728247,300.677919809769,531.687965461984
244,176.360530103306,285.64402381928,537.995446077414
245,180.406336412509,271.361822628316,548.231840959175
246,184.360073608894,257.7937314969,557.846194894206
247,189.000672936438,244.904044922055,566.095282141507
248,190.345063664638,255.869929224487,553.785007110875
249,194.472718054596,243.076432763263,562.450849182142
250,204.028790061201,230.9226111251,565.048598813699
251,204.428845072067,244.547584787049,551.023570140884
252,204.295341649502,261.395580791842,534.309077558656
253,202.650267105141,279.083501455681,518.266231439178
254,205.147070026801,293.020857775197,501.832072198002
255,204.816348805171,307.671599874763,487.512051320066
256,210.773052028307,292.288019881025,496.938928090669
257,211.351105336625,277.673618886973,510.975275776402
258,214.899990726507,263.789937942625,521.310071330868
259,213.635764761689,250.600441045493,535.763794192818
260,212.755360198886,238.070418993219,549.174220807895
261,209.565288165507,226.166898043558,564.267813790935
262,200.05152606027,229.85855314138,570.08992079835
263,199.065189582186,218.365625484311,582.569184933503
264,190.211544965972,222.447344210095,587.341110823933
265,182.434088296728,226.324976999591,591.240934703681
266,179.900830682497,215.008728149611,605.090441167892
267,171.838933111745,219.258291742131,608.902775146125
268,164.489228982233,223.295377155024,612.215393862743
269,163.287767177082,212.130608297273,624.581624525645
270,157.750029461608,216.524077882409,625.725892655983
271,152.364456743944,220.697873988289,626.937669267768
272,147.733034046247,224.662980288874,627.603985664878
273,142.698165834855,228.429831274431,628.872002890714
274,138.517444954871,232.008339710709,629.47421533442
275,135.895809958343,235.407922725174,628.696267316484
276,133.38510164417,238.637526588915,627.977371766915
277,136.119668096701,226.705650259469,637.17468164383
278,133.73052974516,230.370367746496,635.899102508345
279,137.035284853653,218.851849359171,644.112865787176
280,140.725598323069,207.909256891212,651.365144785719
281,141.256799206044,197.513794046652,661.229406747304
282,137.072583911974,202.638104344319,660.289311743707
283,136.657764088609,192.506199127103,670.836036784288
284,130.218457170167,215.682319245125,654.099223584708
285,123.288735213229,238.801291827428,637.909972959343
286,116.650537274043,258.933475394614,624.415987331343
287,112.567341114299,260.986801624883,626.445857260818
288,113.474522028534,247.937461543639,638.588016427827
289,109.468368979501,250.540588466457,639.991042554042
290,106.348849397044,253.013559043134,640.637591559822
291,109.085374196776,240.362881090977,650.551744712246
292,107.76834154983,243.344737036428,648.886921413741
293,110.358821454842,231.177500184607,658.463678360551
294,112.041365840674,219.618625175377,668.340008983949
295,114.238265068592,208.637693916608,677.1240410148
296,117.042542663194,198.205809220777,684.751648116029
297,111.454141309881,226.111546745454,662.434311944665
298,105.481818563756,251.895351456754,642.62282997949
299,100.836207830284,274.523741788605,624.640050381112
300,96.2469431982686,299.171723543228,604.581333258503
301,97.5735311522106,307.137211289973,595.289257557816
302,92.1330288218871,332.733787812749,575.133183365363
303,88.5766835825194,353.068980906379,558.354335511101
304,90.8593380144619,335.41553186106,573.725130124478
305,92.5911198291938,318.644755268007,588.764124902799
306,87.9528500196266,317.712517504607,594.334632475766
307,82.6139885279367,336.867034126045,580.518977346019
308,84.3698211583161,342.463146388779,573.167032452905
309,84.5995228108751,345.758124628084,569.642352561041
310,87.2357102966057,350.422429153528,562.341860549867
311,89.9280504088161,332.901307695851,577.170641895333
312,92.8713890622181,316.256242311059,590.872368626723
313,89.4134133058965,315.443430195506,595.143156498598
314,91.314009860218,299.67125868573,609.014731454052
315,96.4680056478379,284.687695751444,618.844298600718
316,99.4219905899741,270.453310963872,630.124698446154
317,103.709264931247,256.930645415678,639.360089653075
318,104.913045846624,269.560282337148,625.526671816228
319,105.942070803638,279.507159079355,614.550770117006
320,107.810067862838,286.630682445999,605.559249691163
321,106.604711373011,296.474645899442,596.920642727547
322,101.91571486934,317.228236851308,580.856048279352
323,96.0669804006354,336.49440881779,567.438610781574
324,91.3572101889399,356.024124470484,552.618665340577
325,93.8631413649139,338.222918246959,567.913940388127
326,96.5251429795222,321.311772334611,582.163084685866
327,99.3529860132778,305.246183717881,595.400830268841
328,101.271536164408,289.983874531987,608.744589303605
329,104.233383706902,275.484680805387,620.28193548771
330,111.228432650428,261.710446765118,627.061120584454
331,118.247362414379,248.624924426862,633.127713158759
332,124.284206292649,236.193678205519,639.522115501832
333,128.723739489156,224.383994295243,646.892266215601
334,135.015173638159,213.164794580481,651.82003178136
335,139.256502383313,202.506554851457,658.23694276523
336,143.750138559812,192.381227108884,663.868634331304
337,147.183693430168,182.76216575344,670.054140816392
338,151.30498819243,173.624057465768,675.070954341802
339,154.738354313171,164.942854592479,680.31879109435
340,156.627622733249,156.695711862855,686.676665403895
341,155.415025034948,148.860926269713,695.724048695339
342,153.949931835745,141.417879956227,704.632188208028
343,153.515209383688,134.346985958416,712.137804657896
344,152.296513484833,127.629636660495,720.073849854673
345,153.298244450584,121.24815482747,725.453600721946
346,154.368422714812,115.185747086097,730.445830199091
347,155.437337269645,109.426459731792,735.136202998563
348,157.366364549324,103.955136745202,738.678498705474
349,159.685738849829,99.8758922096281,740.438368940543
350,160.417293772239,99.4908157153874,740.091890512373
351,159.160319191634,99.4546182167197,741.385062591646
352,160.063103993339,99.4512169771531,740.485679029508
353,161.319807723924,99.4508973971209,739.229294878955
354,162.846899430271,99.4508673695277,737.702233200201
355,167.580697016133,99.4508645481498,732.968438435718
356,172.735648420602,99.4508642830545,727.813487296344
357,172.004937348992,99.4508642581463,728.544198392862
358,173.435937529346,99.4508642558059,727.113198214848
359,174.079444613663,99.450864255586,726.469691130751
360,173.853962062764,99.4508642555653,726.695173681671
361,170.938482020183,99.4508642555634,729.610653724254
362,167.921578678166,99.4508642555632,732.627557066271
363,165.26474663892,99.4508642555632,735.284389105517
364,163.673182996905,99.4508642555632,736.875952747531
365,159.898442140175,99.4508642555632,740.650693604262
366,155.35958284696,116.157429861813,728.482987291227
367,146.514983788333,145.734976237396,707.750039974271
368,139.283655692945,175.335209978259,685.381134328796
369,132.087470614806,204.897170340722,663.015359044472
370,131.574807703634,194.652311823685,673.77288047268
371,136.650370662928,184.919696232501,678.429933104571
372,140.194053087814,175.673711420876,684.13223549131
373,139.605073530319,166.890025849832,693.504900619849
374,140.340119292606,158.545524557341,701.114356150053
375,143.045409239819,150.618248329474,706.336342430707
376,144.810756896957,143.087335913,712.101907190043
377,144.748612436056,135.93296911735,719.318418446594
378,146.662505824744,129.136320661482,724.201173513774
379,147.932468030327,122.679504628408,729.388027341264
380,148.718368847254,116.545529396988,734.736101755758
381,153.628884893189,110.718252927139,735.652862179672
382,154.225610054986,105.182340280782,740.592049664232
383,159.821362068517,99.9923229160957,740.186315015387
384,162.983431383472,99.5017654833511,737.514803133177
385,164.659033843156,99.4556471398342,735.885319017009
386,165.333193579505,99.4513136550412,735.215492765454
387,163.294136232617,99.4509064809345,737.254957286449
388,161.958721733919,99.4508682230384,738.590410043042
389,160.139430108029,99.4508646283452,740.409705263626
390,158.176215066875,99.4508642905896,742.372920642535
391,151.916479506879,132.193219252814,715.890301240307
392,149.868618858825,148.000428594106,702.130952547069
393,151.19612926573,140.600407164401,708.203463569869
394,151.24548215386,133.570386806181,715.184131039959
395,151.672818559088,126.891867465872,721.435313975041
396,151.470334533072,120.547274092578,727.98239137435
397,150.157988914423,114.519910387949,735.322100697628
398,149.384488217405,108.793914868552,741.821596914043
399,149.997236158794,103.354219125124,746.648544716082
400,152.750724883611,99.818979096816,747.430296019573
401,153.041611820972,99.48546417796,747.472924001068
402,151.618758803908,118.907628028937,729.473613167155
403,144.090974375956,148.068553651978,707.840471972066
404,136.874601618316,175.833330813275,687.292067568409
405,133.458338763735,202.266991173898,664.274670062367
406,127.5462312929,228.010551765213,644.443216941887
407,122.473435720793,254.219056162027,623.30750811718
408,118.438335212513,279.585295193931,601.976369593556
409,119.91089485523,291.810946807518,588.278158337253
410,121.485449101135,301.716333700758,576.798217198107
411,123.844833815425,314.200636118526,561.954530066049
412,126.359950011627,326.086723375859,547.553326612514
413,129.32515994545,336.433219589411,534.241620465139
414,131.384239954549,346.836221112608,521.779538932844
415,139.068277856692,329.494410056977,531.43731208633
416,150.775653066469,313.019689554128,536.204657379403
417,151.280352724585,325.610173889866,523.109473385549
418,153.437557505137,336.862584197066,509.699858297797
419,156.732264177421,347.719907239385,495.547828583195
420,158.20885988403,359.459251614562,482.331888501409
421,160.20260797842,366.723506093205,473.073885928375
422,162.055281443223,376.84031866261,461.104399894167
423,162.530206860286,384.994835606275,452.47495753344
424,157.869152331074,411.908733360467,430.22211430846
425,160.259284125133,420.531808049983,419.208907824884
426,160.499677012651,429.241506349988,410.258816637362
427,162.300930171888,437.080968016161,400.61810181195
428,169.935694307966,415.226919615353,414.837386076681
429,174.95281771795,394.465573634586,430.581608647465
430,179.239086694537,374.742294952856,446.018618352606
431,184.37330861284,356.005180205214,459.621511181946
432,183.154654203281,361.030335689069,455.81501010765
433,184.085630733228,342.978818904616,472.935550362156
434,183.179595058826,325.829877959385,490.990526981789
435,186.553416080278,309.538384061416,503.908199858307
436,188.437411886349,294.061464858345,517.501123255306
437,191.467934565533,279.358391615428,529.17367381904
438,196.371725030711,265.390472034656,538.237802934633
439,198.553814685777,278.321860906836,523.124324407386
440,205.154517941571,264.405767861494,530.439714196934
441,206.448391788929,251.18547946842,542.366128742652
442,208.431192384529,238.626205494999,552.942602120473
443,213.899757768022,226.694895220249,559.405347011729
444,224.318262602866,215.360150459236,560.321586937897
445,227.192422313759,204.592142936275,568.215434749967
446,226.738831018937,194.362535789461,578.898633191602
447,224.86408747734,184.644408999988,590.491503522672
448,226.212514829498,175.412188549988,598.375296620514
449,227.727631685828,166.641579122489,605.630789191683
450,230.746343600916,158.309500166365,610.944156232719
451,233.755494669557,150.394025158046,615.850480172397
452,236.683938652452,142.874323900144,620.441737447404
453,236.113618925106,135.730607705137,628.155773369757
454,235.883229656643,128.94407731988,635.172693023477
455,236.781808669621,122.496873453886,640.721317876493
456,242.652197893516,116.372029781192,640.975772325293
457,245.034224584095,110.553428292132,644.412347123773
458,252.649885804514,105.025756877525,642.324357317961
459,256.960528068128,99.9774519886397,643.062019943232
460,259.342075583189,99.5003668073323,641.157557609479
461,261.717705315088,99.455515708458,638.826778976454
462,263.908019046396,99.4513013057038,636.6406796479
463,265.82368803511,99.4509053205958,634.725406644294
464,267.074257648433,99.4508681140136,633.474874237553
465,262.528649284477,122.094533745244,615.376816970279
466,259.906372247886,143.865299627812,596.228328124302
467,256.779129778815,165.727629957666,577.493240263519
468,256.641186454501,157.441248459783,585.917565085716
469,253.348038164663,173.176162069001,573.475799766335
470,244.440163628779,201.19672379535,554.36311257587
471,241.424090860847,216.983169874733,541.59273926442
472,234.899746987979,249.280815769385,515.819437242636
473,238.460758606251,236.816774980916,524.722466412833
474,239.382078202657,224.97593623187,535.641985565473
475,238.985386675381,213.727139420277,547.287473904342
476,236.279758114991,203.040782449263,560.679459435746
477,235.600752889659,192.8887433268,571.510503783542
478,234.114528319607,183.24430616046,582.641165519933
479,231.142151345338,174.082090852437,594.775757802225
480,232.342792709119,165.377986309815,602.279220981066
481,232.607516177546,157.109086994324,610.28339682813
482,232.877910063736,149.253632644608,617.868457291656
483,233.817692880557,141.790951012377,624.391356107065
484,238.919484059333,134.701403461759,626.379112478908
485,244.993840539604,127.966333288671,627.039826171725
486,252.003696122063,121.568016624237,626.4282872537
487,255.096582935321,115.489615793025,629.413801271653
488,252.897496825594,109.715135003374,637.387368171032
489,248.123520824652,104.229378253205,647.647100922143
490,246.341510966221,99.9018872896309,653.756601744148
491,242.054205790022,99.4932602231316,658.452533986847
492,242.739570852687,99.4548479193324,657.80558122798
493,240.807458580074,121.552063647765,637.640477772161
494,238.499910078551,146.657666572247,614.842423349202
495,234.084447051256,164.51072669638,601.404826252364
496,233.291608303037,186.676956441811,580.031435255152
497,230.542101506602,202.53925683344,566.918641659958
498,226.340304045811,217.87683228913,555.782863665059
499,217.470812507982,246.56112210298,535.968065389038
500,216.205346393274,261.047196391541,522.747457215185
501,213.415978867642,272.494155430406,514.089865701952
502,207.494712346585,281.834387514421,510.670900138994
503,198.250181715874,304.458171002015,497.291647282112
504,190.02190647496,327.855965381104,482.122128143936
505,188.600166309739,338.047106647972,473.352727042289
506,189.87970187783,321.144751315574,488.975546806596
507,195.718314882634,305.087513749795,499.194171367571
508,200.927258524768,289.833138062305,509.239603412927
509,207.147489689109,275.34148115919,517.511029151701
510,210.286067873155,261.574407101231,528.139525025614
511,215.216445550709,248.495686746169,536.287867703122
512,211.73791362202,266.054861970813,522.207224407166
513,209.530474737555,285.795625063022,504.673900199423
514,206.257939703764,300.716480351434,493.025579944802
515,205.615695850195,285.680656333862,508.703647815942
516,208.774412576384,271.396623517169,519.828963906447
517,213.473933410805,257.826792341311,528.699274247884
518,215.734780895244,244.935452724245,539.329766380511
519,217.597306404933,232.688680088033,549.714013507034
520,220.16648500858,221.054246083631,558.779268907789
521,220.436825383382,210.00153377945,569.561640837168
522,217.362037631533,199.501457090477,583.136505277989
523,215.986775538537,189.526384235954,594.48684022551
524,214.195659451232,180.050065024156,605.754275524612
525,211.716130901343,171.047561772948,617.236307325709
526,207.218216804604,162.495183684301,630.286599511096
527,206.781249586017,154.370424500086,638.848325913898
528,208.620820964443,146.651903275081,644.727275760476
529,203.837729245457,168.754898450171,627.407372304372
530,199.145009713545,184.614987546599,616.240002739856
531,196.805844963546,200.425074108941,602.769080927513
532,192.477258866099,219.511068392695,588.011672741206
533,188.819625676698,239.820442743744,571.359931579557
534,187.601196527745,251.602195432484,560.796608039771
535,183.623646590866,269.731706903975,546.644646505159
536,182.536477912349,281.905278405326,535.558243682325
537,181.358710523752,291.509452295031,527.131837181217
538,180.897837305135,306.206314847232,512.895847847634
539,180.349292728927,319.911633513694,499.739073757378
540,178.933910135604,333.681465150129,487.384624714267
541,177.87563125474,349.911363996474,472.213004748786
542,175.272832067317,364.338916195472,460.388251737211
543,173.49218268313,380.011154293415,446.496663023456
544,173.138267587966,392.332375053663,434.529357358372
545,172.56407912793,398.521973921066,428.913946951005
546,179.576285023879,378.595875225012,441.827839751109
547,177.010759767487,386.642434685298,436.346805547215
548,174.904262752308,394.676218457011,430.419518790681
549,171.753620960522,407.862103047718,420.38427599176
550,174.541256847734,387.468997895332,437.989745256934
551,171.756368504241,393.347129214393,434.896502281366
552,170.446404133935,403.329978701918,426.223617164147
553,168.246075287217,410.980000872216,420.773923840568
554,169.578965081808,390.431000828605,439.990034089587
555,174.246485747094,370.909450787175,454.844063465731
556,180.043577125745,352.363978247816,467.592444626439
557,178.361989391716,364.45506312612,457.182947482164
558,181.011706661485,346.232309969814,472.755983368701
559,181.103363829541,328.920694471323,489.975941699136
560,183.180328457182,312.474659747757,504.345011795061
561,182.329739493967,326.119407464651,491.550853041383
562,191.256367716345,309.813437091418,498.930195192237
563,192.939993606991,294.322765236847,512.737241156162
564,195.310332560939,279.606626975005,525.083040464056
565,192.03162505342,265.626295626255,542.342079320326
566,189.678877094314,281.45554134616,528.865581559526
567,185.380725644734,296.337729621759,518.281544733508
568,181.684332757023,281.520843140671,536.794824102306
569,181.198604683799,267.444800983637,551.356594332564
570,179.753393562124,279.83325863245,540.413347805426
571,176.92560597704,292.319280299663,530.755113723297
572,179.663151683743,277.70331628468,542.633532031577
573,181.301029027115,263.818150470446,554.880820502439
574,180.9515021387,250.627242946923,568.421254914377
575,180.875100277029,238.095880799577,581.029018923394
576,180.867978727094,226.191086759598,592.940934513307
577,179.773113556549,214.881532421618,605.345354021833
578,179.080867989496,204.137455800538,616.781676209966
579,176.932270856057,193.930583010511,629.137146133432
580,173.79918619893,184.234053859985,641.966759941085
581,171.939367662549,175.022351166986,653.038281170465
582,169.218097389164,188.502278653406,642.27962395743
583,161.781752721903,216.249235333338,621.969011944759
584,159.046335912138,229.118376789514,611.835287298348
585,161.270012424487,217.662457950038,621.067529625475
586,163.447710628405,206.779335052536,629.772954319059
587,162.867532531357,196.44036829991,640.692099168733
588,160.481649116262,186.618349884914,652.900000998824
589,153.53944299577,192.287432390668,654.173124613562
590,152.858462205706,182.673060771135,664.468477023159
591,150.734861965039,173.539407732578,675.725730302383
592,149.557575826516,164.862437345949,685.579986827534
593,149.936498629621,156.619315478652,693.444185891727
594,149.545405541198,148.788349704719,701.666244754083
595,150.773720418757,141.348932219483,707.87734736176
596,143.923561916065,149.281485608509,706.794952475426
597,142.045612845953,141.817411328084,716.136975825963
598,144.421514546818,134.726540761679,720.851944691502
599,146.969522762984,127.990213723595,725.040263513421
600,147.557759072577,121.590703037416,730.851537890007
601,150.06592231856,115.511167885545,734.422909795895
602,151.041500872706,109.735609491268,739.222889636027
603,152.712278975725,104.248829016704,743.038892007571
604,158.97099246073,99.9037315220892,741.125276017181
605,159.511829922233,99.4934336543791,740.994736423388
606,163.210854177984,99.454864216155,737.334281605861
607,161.806426309032,117.853598292744,720.339975398224
608,157.259079468011,146.865816319475,695.875104212514
609,151.173730034212,176.722213674784,672.104056291004
610,150.934447239012,194.168041848386,654.897510912602
611,151.501487863978,184.459639755967,664.038872380055
612,145.710841491028,190.236657768168,664.052500740803
613,144.764309869651,180.72482487976,674.510865250589
614,149.086535559428,171.688583635772,679.2248808048
615,151.989819644208,163.104154453983,684.906025901809
616,146.019366133312,196.083773784105,657.896860082584
617,147.455674064796,216.250502210671,636.293823724532
618,153.960880731653,205.437977100138,640.601142168209
619,157.14426567152,195.166078245131,647.689656083349
620,156.912464173566,214.166287325504,628.92124850093
621,157.883120470009,233.452035408343,608.664844121649
622,159.696004456534,252.33551836504,587.968477178425
623,162.779071809408,268.641225721373,568.579702469219
624,166.181495789385,255.209164435304,578.609339775311
625,173.467646587,242.448706213539,584.083647199461
626,173.968370070824,260.629619833656,565.40201009552
627,174.855123336861,274.942735377401,550.202141285739
628,175.865986676003,287.141992404029,536.992020919968
629,171.943445785756,313.216641899806,514.839912314438
630,173.722378762628,322.000975959665,504.276645277707
631,176.965924572546,333.952393556757,489.081681870698
632,178.532068667029,345.480044444363,475.987886888608
633,186.733706862326,328.206042222144,485.060250915529
634,194.40992313039,311.795740111037,493.794336758572
635,199.711145933968,296.205953105485,504.082900960547
636,199.793218347007,281.395655450211,518.811126202782
637,196.038550793605,282.325872677701,521.635576528694
638,196.770239836672,268.209579043816,535.020181119512
639,197.094265419261,254.799100091625,548.106634489114
640,199.956738798182,242.059145087044,557.984116114775
641,200.779469918639,229.956187832691,569.264342248669
642,204.635347377623,218.458378441057,576.90627418132
643,206.175879872375,207.535459519004,586.288660608621
644,207.235282467107,218.69655770735,574.068159825543
645,207.228266678793,234.191263846915,558.580469474292
646,205.9377813015,247.112229616903,546.949989081597
647,206.30218169343,258.044602096963,535.653216209607
648,210.533975033097,271.714792475538,517.751232491365
649,212.856051096236,286.079547078312,501.064401825452
650,215.185493606476,297.575098970292,487.239407423232
651,215.513997596143,309.707730474366,474.77827192949
652,213.494368877952,318.232057809234,468.273573312814
653,211.767735953825,324.971196515689,463.261067530486
654,213.593069866881,332.279726413484,454.127203719635
655,216.678572711239,315.66574009281,467.655687195951
656,224.417227615743,299.882453088169,475.700319296087
657,231.458447606894,284.888330433761,483.653221959345
658,232.197844341904,270.643913912073,497.158241746023
659,229.318244252744,282.74175734874,487.939998398517
660,227.303569177475,268.604669481303,504.091761341222
661,226.272612647718,255.174436007237,518.552951345044
662,224.926084038648,242.415714206876,532.658201754477
663,224.652950183329,230.294928496532,545.052121320139
664,223.919495273648,218.780182071705,557.300322654647
665,215.32399291087,242.864984395399,541.811022693731
666,210.683593105232,251.973204269335,537.343202625433
667,207.493892304237,260.555690968334,531.950416727429
668,199.739534171477,285.924949590678,514.335516237845
669,199.063259378281,294.131644683224,506.805095938495
670,191.658583132783,319.522035895895,488.819380971322
671,190.256977776618,330.931247177108,478.811775046274
672,193.576131301993,343.5471417568,462.876726941207
673,202.046610507074,326.36978466896,471.583604823967
674,209.058989013432,310.051295435512,480.889715551056
675,215.954890268339,294.548730663736,489.496379067925
676,219.368140411267,279.821294130549,500.810565458184
677,219.683157010335,265.830229424022,514.486613565643
678,219.317429273541,252.538717952821,528.143852773638
679,216.982337827547,263.012073153449,520.005589019004
680,217.968541171227,249.861469495776,532.169989332997
681,219.039753536125,237.368396020987,543.591850442888
682,213.468160825463,264.497781553072,522.034057621465
683,215.47606116574,279.883124256135,504.640814578125
684,213.53813938144,294.7061226083,491.755738010261
685,213.017380949206,309.324986331104,477.65763271969
686,214.271498983211,321.63467662934,464.093824387449
687,205.248747194134,349.669580398113,445.081672407752
688,206.728602905037,332.186101378207,461.085295716755
689,208.555669771555,315.576796309297,475.867533919148
690,208.806177377858,330.47655194741,460.717270674732
691,205.207199001111,339.818788682891,454.974012315998
692,208.25896732111,322.827849248746,468.913183430144
693,207.724007179729,306.686456786309,485.589536033962
694,207.960563963551,291.352133946993,500.687302089456
695,209.289519219054,276.784527249644,513.925953531303
696,210.778775131613,262.945300887161,526.275923981225
697,211.137522223156,249.798035842803,539.06444193404
698,213.345059490053,237.308134050663,549.346806459283
699,212.117308641095,225.44272734813,562.439964010775
700,210.231290567336,214.170590980724,575.598118451941
701,211.779410471884,203.462061431687,584.758528096429
702,213.141662454055,193.288958360103,593.569379185842
703,218.806563497031,183.624510442098,597.568926060871
704,222.600045937737,174.443284919993,602.95666914227
705,224.198058042906,165.721120673993,610.080821283101
706,230.122982248391,157.435064640294,612.441953111315
707,231.01418366847,149.563311408279,619.422504923251
708,234.684426425938,142.085145837865,623.230427736197
709,232.484261423808,162.553462938162,604.96227563803
710,231.265480908023,180.260143679913,588.474375412065
711,232.529085917198,171.247136495917,596.223777586885
712,233.512971565382,162.684779671121,603.802248763497
713,228.49732341445,184.530541969575,586.972134615976
714,224.640018821961,198.983837724057,576.376143453982
715,214.060031677798,225.933622252455,560.006346069747
716,211.573968099063,238.33183781509,550.094194085848
717,211.572356153588,226.415245924335,562.012397922077
718,210.901576272884,215.094483628118,574.003940098998
719,208.020420114065,204.339759446712,587.639820439223
720,206.856590081938,194.122771474377,599.020638443685
721,206.492427740074,184.416632900658,609.090939359268
722,207.711785893511,175.195801255625,617.092412850864
723,207.140455525595,166.436011192844,626.423533281561
724,207.892741653611,158.114210633202,633.993047713188
725,207.341270462512,150.208500101541,642.450229435946
726,207.836502351437,142.698075096464,649.465422552099
727,207.152588859795,135.563171341641,657.284239798563
728,208.988256229123,128.785012774559,662.226730996318
729,206.405470509749,122.345762135831,671.24876735442
730,205.741450121864,116.22847402904,678.030075849096
731,195.666407626848,149.353565357208,654.980027015944
732,191.20858698357,164.594466009728,644.196947006701
733,186.114481881892,175.995254367915,637.890263750193
734,181.925199476135,187.915655186988,630.159145336877
735,172.470131777257,215.34386227091,612.186005951833
736,169.597536199043,223.876014621392,606.526449179565
737,165.674997849516,235.847858331551,598.477143818932
738,157.012919690448,260.609644748492,582.37743556106
739,153.680297462229,272.110103781342,574.209598756429
740,145.186149433912,298.448457005376,556.365393560712
741,141.994018948301,305.582308792427,552.423672259272
742,141.156378203935,290.303193352806,568.540428443259
743,144.034863257972,275.788033685166,580.177103056862
744,146.040657513647,261.998632000907,591.960710485446
745,145.624563647239,248.898700400862,605.476735951899
746,143.572090262104,236.453765380819,619.974144357077
747,141.278837946259,224.631077111778,634.090084941963
748,141.39120042967,213.399523256189,645.209276314141
749,134.545162738797,217.72954709338,647.725290167823
750,132.739497118306,206.843069738711,660.417433142984
751,132.591143263392,196.500916251775,670.907940484833
752,133.747034841957,186.675870439186,679.577094718857
753,136.051267480104,177.342076917227,686.606655602669
754,138.497189566632,168.474973071366,693.027837362003
755,139.406891598119,160.051224417797,700.541883984084
756,142.990654571319,152.048663196908,704.960682231774
757,146.202998540337,144.446230037062,709.350771422601
758,146.693681046004,137.223918535209,716.082400418787
759,147.254676230522,130.362722608449,722.382601161029
760,147.768605481576,123.844586478026,728.386808040397
761,149.69124778637,117.652357154125,732.656395059505
762,147.096565743003,111.769739296419,741.133694960578
763,149.776003607061,106.181252331598,744.042744061341
764,151.547839139935,100.872189715018,747.579971145047
765,153.402769710614,99.5845908687896,747.012639420596
766,157.304021625279,99.4634307298713,743.23254764485
767,161.563301669318,99.4520450093102,738.984653321372
768,162.68259784891,99.4509751987267,737.866426952364
769,165.095608062002,99.4508746797292,735.453517258269
770,165.870585958677,120.172910847732,713.956503193591
771,164.230240228242,146.341543863678,689.42821590808
772,162.271357810082,169.73630219814,667.992339991777
773,169.231459045394,161.249487088233,669.519053866373
774,174.601090791678,153.187012733822,672.2118964745
775,177.925484351956,145.527662097131,676.546853550914
776,179.431063917911,138.251278992274,682.317657089815
777,178.542318972414,158.659018436371,662.798662591214
778,176.746513066913,180.985471046142,642.268015886945
779,176.706451459796,171.936197493835,651.357351046369
780,177.161020387021,163.339387619144,659.499591993835
781,177.053468163448,155.172418238186,667.774113598365
782,176.27446583366,147.413797326277,676.311736840063
783,180.037008653212,140.043107459963,679.919883886825
784,183.930504224221,133.040952086965,683.028543688814
785,184.124621973044,126.388904482617,689.486473544339
786,185.802777877011,120.069459258486,694.127762864503
787,188.044127065265,114.065986295562,697.889886639173
788,178.994433473417,145.948325095463,675.05724143112
789,170.346533803253,174.018916314213,655.634549882534
790,165.552871239716,180.317970498502,654.129158261782
791,165.298309929632,171.302071973577,663.39961809679
792,166.486414140012,162.736968374898,670.77661748509
793,160.403526631344,193.536463092567,646.060010276089
794,163.063400605984,209.727143250018,627.209456143999
795,164.665909067672,226.90192818508,608.432162747248
796,163.811709528654,247.522512637194,588.665777834152
797,162.426765845598,260.216022404954,577.357211749447
798,162.410532547802,274.135885050961,563.453582401237
799,167.30231200716,260.429090798413,572.268597194427
800,170.348089451039,247.407636258492,582.244274290469
801,169.688462652877,263.431597637891,566.879939709232
802,169.312504497004,281.882591027385,548.804904475611
803,169.301836474455,297.410343285129,533.287820240417
804,174.394504127945,282.539826120872,543.065669751183
805,173.816558038415,297.536548554448,528.646893407137
806,181.067924384864,282.659721126725,536.272354488411
807,189.097288656863,268.526735070389,542.375976272748
808,188.288939085446,285.024976041026,526.686084873528
809,189.567780721776,298.176530239367,512.255689038858
810,189.717888745722,315.150651591114,495.131459663164
811,188.709835024221,326.901703098506,484.388461877274
812,190.350876741953,310.55661794358,499.092505314467
813,191.616002775784,295.028787046401,513.355210177815
814,191.235208051711,280.277347694081,528.487444254208
815,187.451160167616,266.263480309377,546.285359523007
816,188.553608150498,252.950306293908,558.496085555594
817,181.289735426813,278.76580886781,539.944455705377
818,178.984024496859,289.551994364582,531.463981138559
819,179.662889433903,275.074394646353,545.262715919744
820,180.891133937401,261.320674914036,557.788191148563
821,177.103282335438,248.254641168334,574.642076496228
822,176.296807781702,235.841909109917,587.86128310838
823,175.928313758391,224.049813654421,600.021872587188
824,177.395870111018,212.8473229717,609.756806917281
825,178.911742387505,202.204956823115,618.88330078938
826,174.64761672513,207.094708981959,618.257674292911
827,170.111028780853,211.739973532861,618.148997686286
828,168.380422381053,201.152974856218,630.466602762728
829,167.823776820399,191.095326113407,641.080897066194
830,171.063780544394,181.540559807737,647.395659647869
831,172.560550606478,172.46353181735,654.975917576172
832,174.239810289888,163.840355226483,661.919834483629
833,175.04400492897,155.648337465159,669.307657605871
834,181.264706595813,147.865920591901,670.869372812286
835,188.556873376034,140.472624562306,670.970502061661
836,196.658778478388,133.44899333419,669.892228187422
837,203.325065116574,126.776543667481,669.898391215946
838,211.529255931975,120.437716484107,668.033027583918
839,214.994278335917,114.415830659901,670.589891004181
840,216.947614600901,108.695039126906,674.357346272193
841,222.192020618727,103.260287170561,674.547692210712
842,230.146160870586,99.8100886307289,670.043750498685
843,236.91765914795,99.4846282598253,663.597712592225
844,239.734341162296,99.454036805955,660.81162203175
845,241.643502540126,99.4511623477268,658.905335112147
846,244.341839273943,99.4508922641638,656.207268461894
847,245.063867043858,99.4508668872376,655.485266068904
848,233.191429868898,130.777911515064,636.030658616038
849,232.704624323657,124.239015939311,643.056359737032
850,224.319371382181,133.027065142346,642.653563475473
851,223.902517812348,126.375711885228,649.721770302424
852,225.214336626771,120.056926290967,654.728737082262
853,224.979270983311,114.054079976419,660.96664904027
854,227.798596028479,108.351375977598,663.850027993924
855,229.509672311726,102.933807178718,667.556520509556
856,228.508349688609,99.7792002859516,671.71245002544
857,224.274197309163,99.4817241199733,676.244078570863
858,221.07725122439,99.4537639177457,679.468984857864
859,219.076560141176,99.4511367071382,681.472303151686
860,213.140910002465,109.478579871781,677.380510125754
861,210.360413001473,127.203191606467,662.436395392059
862,206.528278940584,142.431902114063,651.039818945354
863,203.555710939009,159.257256215257,637.187032845734
864,201.99257485183,176.022665061522,621.984760086649
865,201.226734328078,193.674311041654,605.098954630268
866,204.041880481907,183.990595489571,611.967524028521
867,205.560286683026,174.791065715093,619.648647601882
868,202.879967239785,189.004959456464,608.115073303752
869,193.771777657062,217.099725809175,589.128496533763
870,191.990534582322,227.833091134054,580.176374283624
871,190.630905601615,237.839961795984,571.529132602401
872,189.831452270484,225.947963706185,584.220584023331
873,189.111911347594,214.650565520876,596.23752313153
874,184.650187409976,225.859904185566,589.489908404458
875,177.277400871715,252.733151186551,569.989447941734
876,170.006231118104,277.052746695482,552.941022186414
877,167.5151267667,285.341160651435,547.143712581865
878,168.043551345051,289.97828353555,541.978165119399
879,167.316978644237,295.946103267551,536.736918088212
880,166.82451547586,306.628675199171,526.546809324969
881,162.205985639887,329.444493287521,508.349521072592
882,156.164584390526,350.953335919436,492.882079690039
883,156.177526829755,357.953048408748,485.869424761497
884,156.746369993058,365.896901961007,477.356728045935
885,158.458609542779,377.298020339791,464.24337011743
886,159.85917907466,386.200543868292,453.940277057048
887,161.98419117577,396.53128401663,441.4845248076
888,161.911258075857,404.005804627154,434.082937296988
889,164.079144364297,411.631505098096,424.289350537607
890,163.738486387611,416.061682940655,420.199830671734
891,164.761200741149,424.209201447511,411.02959781134
892,164.538671994107,430.116655655508,405.344672350385
893,164.623673733318,433.849370994079,401.526955272603
894,167.513444717795,442.545319341471,389.941235940734
895,168.461498399057,448.726460629895,382.812040971047
896,167.14414890106,451.888071451473,380.967779647468
897,168.928914384215,458.840015704174,372.231069911611
898,173.131227322651,435.898014918965,390.970757758384
899,178.047800276275,414.103114173017,407.849085550709
900,184.243868253481,393.397958464366,422.358173282153
901,188.162731908345,373.728060541148,438.109207550507
902,197.011940237525,355.04165751409,447.946402248385
903,196.43330144363,363.15888774224,440.40781081413
904,195.46862701874,369.706890090253,434.824482891007
905,193.801560872771,377.258050665133,428.940388462097
906,192.203181335242,382.665961860833,425.130856803925
907,192.090026272112,363.532663767792,444.377309960097
908,192.329238142278,345.356030579402,462.314731278321
909,191.669360254054,328.088229050432,480.242410695514
910,193.467289604586,311.68381759791,494.848892797503
911,193.432027426923,325.965919219222,480.602053353856
912,189.364741311702,341.284267817603,469.350990870695
913,187.706460221574,348.155466069203,464.138073709223
914,185.46843568086,358.128623136858,456.402941182282
915,183.814248262664,369.651239612926,446.53451212441
916,183.837002380009,378.378737755247,437.784259864744
917,180.657985304724,383.632907327673,435.709107367603
918,181.307823821234,388.975368633908,429.716807544857
919,178.949824353232,395.938303354378,425.11187229239
920,178.350044832779,400.575972996417,421.073982170803
921,169.566516804144,421.22660910523,409.206874090626
922,161.288567939189,439.229934560309,399.481497500502
923,158.394853667136,443.693059170232,397.912087162631
924,156.676890432652,446.117042246844,397.206067320503
925,155.843217969345,423.811190134502,420.345591896153
926,159.229037933955,402.620630627777,438.150331438268
927,162.405356371477,382.489599096388,455.105044532135
928,163.678411576798,363.365119141569,472.956469281633
929,166.228984496607,345.19686318449,488.574152318902
930,170.697583515534,327.937020025266,501.365396459201
931,171.717025991292,311.540169024002,516.742804984705
932,170.003973031188,320.667752368856,509.328274599957
933,168.575154069105,304.634364750413,526.790481180482
934,161.445852852953,304.402646512892,534.151500634154
935,158.542513910895,289.182514187248,552.274971901858
936,155.650782036856,274.723388477885,569.625829485258
937,147.765653050644,275.987219053991,576.247127895365
938,140.00567580686,277.187858101292,582.806466091848
939,133.190136922945,278.328465196227,588.481397880828
940,125.747430027707,279.412041936416,594.840528035877
941,117.415505837507,301.154936342642,581.429557819851
942,111.195699228598,301.09718952551,587.707111245892
943,104.802927885904,301.042330049234,594.154742064861
944,99.2038158386695,300.990213546773,599.805970614558
945,91.8951401982512,300.940702869434,607.164156932315
946,85.7471816555327,300.893667725962,613.359150618505
947,81.3041740172815,300.848984339664,617.846841643054
948,81.8429955416623,285.806535122681,632.350469335657
949,75.6748719850467,308.774625983122,615.550502031831
950,75.8004023675485,318.606496175193,605.593101457258
951,76.6769930360077,324.891711367271,598.431295596721
952,78.3475345079694,331.132695908904,590.519769583127
953,74.4141698187086,354.381508632574,571.204321548718
954,75.4949196039201,360.266564983361,564.238515412718
955,74.8888000871135,364.074650847608,561.036549065279
956,70.0922259851623,382.927914169327,546.97985984551
957,65.1340639885108,397.647641717377,537.218294294112
958,65.5850279531566,398.452064986773,535.96290706007
959,66.1746234070329,399.410593507374,534.414783085593
960,62.3928119231758,416.231110457294,521.376077619531
961,60.1622755933904,432.294306160067,507.543418246542
962,56.3079146350745,446.894723469719,496.797361895207
963,52.6227503773746,458.164470084973,489.212779537652
964,50.5309878794498,469.446573320018,480.022438800532
965,49.8582977707569,480.935004091165,469.206698138079
966,49.8883362149819,490.701579030901,459.410084754117
967,49.82889944292,500.059028020408,450.112072536672
968,49.7712375392066,510.892819956061,439.335942504732
969,49.8466510009293,519.424304907139,430.729044091932
970,49.7742398183282,527.611433926269,422.614326255403
971,49.8553203331336,532.385854177079,417.758825489788
972,51.1233473530574,527.380775257665,421.495877389278
973,49.9551550787882,515.548926381432,434.49591853978
974,49.8727430439667,503.486766421457,446.640490534576
975,49.8370004531006,491.704234055181,458.458765491719
976,49.8085513929332,480.273002047026,469.91844656004
977,49.8594251747265,469.934407923512,480.206166901761
978,49.8067491553218,479.016551064119,471.176699780559
979,49.8950574496071,488.666720057854,461.438222492539
980,52.6512701518474,487.498981296361,459.849748551792
981,50.6151896047028,499.81668413105,449.568126264248
982,49.9297428005677,516.393188905536,433.677068293896
983,55.1191045675924,515.330359361801,429.550536070606
984,58.2580082603006,514.581696264102,427.160295475598
985,65.714808018676,488.852611450897,445.432580530427
986,71.2521054191324,464.409980878352,464.337913702516
987,76.411327092994,441.189481834434,482.399191072572
988,81.2726362589605,419.130007742712,499.597355998327
989,85.0730052110318,398.173507355577,516.753487433391
990,87.5854476994607,378.264831987798,534.149720312741
991,90.4726897940944,359.351590388408,550.175719817497
992,94.1936212906831,341.384010868988,564.422367840329
993,91.4808669535809,362.375740216745,546.143392829675
994,89.5216259875212,359.256953205907,551.221420806571
995,92.1957549950689,341.294105545612,566.510139459319
996,94.4053850643027,324.229400268331,581.365214667366
997,95.3850898993807,308.017930254915,596.596979845704
998,98.2339133590265,292.617033742169,609.149052898804
999,99.2307786222548,277.986182055061,622.783039322685
1000,101.064385155003,264.086872952308,634.848741892689
