ResourceUtilization,SliceOccupancy,TrafficDensity,QoSDemandLevel
0.522327274759279,0.402194293222845,0.914805288083077,0.526001737462278
0.523634899843621,0.0717022988321947,0.869737660164113,0.638060051641643
0.605685840561534,0.460106377264197,0.767774021811919,0.726489722146942
0.602225212147396,0.933969816483605,0.831547518531216,0.810583655035127
0.585058098301617,0.546583851074522,0.812354817324682,0.960220824689907
0.626166189572482,0.112830138423351,0.687365656238016,0.739216691631535
0.16719701742365,0.549791810521878,0.526325811691349,0.116615549527643
0.107369810709,0.274933696936734,0.59150635438779,0.723215819394076
0.121157478962693,0.975380914725328,0.652275626695988,0.796113166902748
0.102778671024236,0.866068073012966,0.67798150868947,0.405646298184503
0.090827061448813,0.611265653669023,0.66866601275663,0.365155775852283
0.149682252751871,0.958724200132463,0.601728452169427,0.58249733962256
0.580147344063132,0.176016304165071,0.787980768958353,0.125788985065081
0.185052434152114,0.892694503648839,0.527419880890127,0.712511893434471
0.160714062726691,0.405791592096054,0.517594441884741,0.289412053403204
0.141765971564285,0.376185082951234,0.550671014986281,0.132358647305173
0.239269546952979,0.366870102668591,0.361486941997124,0.869843635709705
0.452260878155213,0.488753947805744,0.528411238378246,0.241922832205515
0.189297575070562,0.838168740943074,0.520770231961409,0.198608843902857
0.0718254038820431,0.117872052854325,0.633031239370752,0.950299868530927
0.0697263397921051,0.0816405221649604,0.635091251078975,0.769557708782493
0.186520916251304,0.923745924138997,0.532981142993602,0.424848350264427
0.130242037146525,0.277822254719258,0.551514987957419,0.64900716827088
0.164938188050535,0.606728298766818,0.535244266861434,0.263973668392796
0.20157045492431,0.288953152046026,0.430525756491101,0.189772664106566
0.450627279187205,0.711266100309953,0.55639904660026,0.411263954114505
0.254115563873805,0.622230554665891,0.374665749821101,0.315443636968041
0.143780517844188,0.289252372397053,0.534468127632844,0.248588487923524
0.539844186112975,0.62973478103087,0.378347120804881,0.815739825697021
0.281822830414309,0.79356381156608,0.337852926077959,0.829782614086245
0.283029377131626,0.664868090831975,0.320639908310902,0.76808292765181
0.521802041547524,0.542637286450835,0.400684756453363,0.78795990155157
0.484623260671265,0.475760211939073,0.458362414496544,0.883291345373552
0.29632459733005,0.959327425048358,0.336378822782906,0.549308137888075
0.4583535605525,0.705249153481084,0.539376609534504,0.560258355775642
0.27365494167231,0.447041030768668,0.310291045416136,0.789828808149179
0.757856268837055,0.842781181258836,0.538933565754066,0.749647914927479
0.778743789590206,0.412305632495248,0.445984594771658,0.859901550545354
0.928251715227337,0.366420162982117,0.170808788402667,0.751935278825141
0.921652834394559,0.778643371759599,0.240552964921989,0.314669841680855
0.881132562522403,0.323821372585489,0.255263324548556,0.469720546914466
0.915356576789482,0.853728874840248,0.265655332681561,0.0271177721696163
1,0.751873729903591,0.0966292918831253,0.217597089151282
0.970075617506713,0.373979521537694,0.101829717853334,0.36189885899613
0.831249261176833,0.191660044446582,0.328860905714672,0.50068321855035
0.811176060165831,0.480426664088816,0.404397052897169,0.282482119059341
0.728663677909915,0.529896335712629,0.55535329382921,0.599044603771807
0.620387198336223,0.116845797122415,0.70607685283908,0.230490150782052
0.652088524931069,0.32865100169359,0.668559438926778,0.64493673307669
0.271466471286839,0.938925822681072,0.384787071392226,0.163825489864165
0.261333049732253,0.863732908931939,0.389313108255947,0.461424182850721
0.288878772061731,0.871060692386229,0.340081837170305,0.473746635260139
0.240958320528189,0.6151554088387,0.395860059412099,0.433077314664792
0.220407103590041,0.762096901881047,0.455921205990579,0.132673915766811
0.13799241697997,0.0612140950816257,0.51466547073718,0.381088951959011
0.225884231417721,0.516489548233112,0.405135393223058,0.816122655577367
0.171057717456379,0.364242744692609,0.485111527709273,0.853295883822956
0.127765100892283,0.115084825561617,0.532803714762214,0.847531450049076
0.147128805911696,0.728469119349672,0.577546583858429,0.599108240299365
0.0925017139768095,0.99435052541338,0.714469589860125,0.278045830459851
0.0722801154944344,0.225526576354223,0.651138641210122,0.583288435935342
0.632327109641014,0.88264751724833,0.77935427922444,0.234246082093757
0.631337447794137,0.427283462732443,0.725500770943719,0.179425923176352
0.599300708339919,0.272939931287458,0.755001022380258,0.801271142496209
0.609709549890275,0.735738309682681,0.799612079125222,0.401079495312842
0.564449615280619,0.678913727241258,0.875076157314415,0.372422299450935
0.60813768263172,0.0117970981470332,0.70462853053363,0.929942627651074
0.644993647982513,0.904409075913835,0.754133204372853,0.559889348426612
0.584995620323593,0.544588488177996,0.822762122079816,0.266749414314554
0.570211372065056,0.823602023556144,0.881558384203659,0.439237217868848
0.705332137591899,0.606327291839209,0.60729599409183,0.589054243599059
0.613784857256484,0.0480252608733041,0.704616858809616,0.552625787546082
0.615505918799241,0.892798943005984,0.800514164939725,0.931808688322456
0.561696657029244,0.312497784928055,0.828839661041446,0.752664628488865
0.517794918982597,0.566909543398853,0.943670188640564,0.511853641148681
0.53892118747475,0.202646667414541,0.865732937116689,0.146356132622538
0.0881975183300083,0.698573319604991,0.679472256143946,0.680370814901096
0.102344958089228,0.95758566565974,0.687470891548732,0.579884904624928
0.131514512773455,0.301208490434972,0.550027397810376,0.785889130511966
0.203353058169218,0.687649109926675,0.474467854374041,0.339623323380973
0.149733094143167,0.505576816155949,0.550203303777639,0.26846392172056
0.131259263877061,0.749531379428873,0.602935484377073,0.993965077614999
0.0816746386988635,0.196125388262414,0.629238587943302,0.663330450974422
0.0744414739586978,0.606296464212306,0.699034937824469,0.281556680621311
0.547389914493385,0.557249223339127,0.882483045408949,0.927600293368761
0.120312936298312,0.908891834024055,0.650079754802318,0.498789842101005
0.122995175848317,0.0928705295896831,0.54417621481146,0.487172449416389
0.52202073805498,0.243252034143403,0.894910808052406,0.574406724723164
0.607245272415914,0.924521912846281,0.822081756055348,0.757313699610565
0.637037812162627,0.802816692991902,0.749414999054345,0.990426707858527
0.523029181960124,0.0432228405398503,0.866848181072939,0.668021227286042
0.518063553664368,0.173753098742347,0.899288513313907,0.191413137355553
0.532847248582353,0.122011220466014,0.861197663376801,0.511355424074204
0.686467530082744,0.273639655317272,0.595998822740075,0.868113756228955
0.214999161402786,0.961742325735685,0.481396622626746,0.730977679978053
0.187349648021899,0.457316127123393,0.471748468496228,0.548242393693172
0.76791863102252,0.328180622139735,0.456544771005282,0.770184593367513
0.484912858601707,0.580755846904382,0.478773961368794,0.362703975652285
0.43666961489764,0.535941675828651,0.56247502839299,0.246080854347934
0.162303018922426,0.674234687848233,0.549476416233078,0.192914683024178
0.226452301425634,0.217091647565597,0.369980858097092,0.61799487935576
0.523912976742597,0.808330578907875,0.428720091365193,0.859804773231553
0.505982414065414,0.283609875124108,0.401928628980861,0.479793847640235
0.594988413103394,0.518707823855183,0.265697926856944,0.741824199135037
0.541672363674327,0.690650738354214,0.388295232823066,0.440262485902742
0.511958092530657,0.398586500136566,0.411367669150007,0.0841366106767698
0.461144137284521,0.702675015863705,0.537055199743206,0.359058247365385
0.525953869351401,0.401530983561348,0.376895080270073,0.70627288101849
0.575535657688643,0.732300358004748,0.327939409741782,0.710795723167313
0.496408570375007,0.745109670112583,0.469963271304232,0.911978260447945
0.250203600969395,0.775034169195122,0.393382977994252,0.797652201455889
0.2140206893683,0.268805263778679,0.404993792023493,0.219704069963012
0.501571946342303,0.827322033471033,0.478159766113188,0.427621254035911
0.202613739478209,0.414197700458542,0.445445516765786,0.105773644178552
0.154390219212263,0.129358183911551,0.493136490208165,0.397183985867302
0.187056743130521,0.841865295381042,0.513686028877503,0.96213135581646
0.207231665613984,0.525390355281256,0.439000133788055,0.886172150781074
0.039264171189284,0.157940010043792,0.707702382536772,0.2494923665436
0.0899560287540094,0.431051308490579,0.641900951310406,0.759310569185332
0.661429885840404,0.88932972204966,0.717333717987775,0.896889718576866
0.529769245451219,0.0940203700397354,0.856525167671266,0.957537173507057
0.0504164987678323,0.456266877064039,0.720001106685798,0.544230317145702
0.0594510324578844,0.683118294528789,0.730109449420892,0.652492551081629
0.111863855191149,0.935705979024207,0.667319104505219,0.591453050040252
0.189939076809606,0.995018616529961,0.527330136882205,0.970383548269827
0.119079272589904,0.536120510227269,0.60407131992996,0.630922742960995
0.087454019578815,0.292378052628913,0.633000750140699,0.511762049054243
0.61416938089335,0.366029982520775,0.741219455047211,0.693676693775809
0.619269894194193,0.320075045770488,0.730613245144864,0.407946844894042
0.645117565412994,0.167928023365539,0.667467029734004,0.236970377744953
0.518197962882833,0.74130143394951,0.967655808645215,0.308864657154797
0.0814112139725229,0.125252585673434,0.621900224886022,0.599209404476926
0.17193841692806,0.921222631577888,0.557328922976068,0.542202946257068
0.135226023140776,0.207067042067041,0.531703013046201,0.780416289550244
0.14588943840427,0.933758027502531,0.607131906879134,0.475789689760343
0.634511969890535,0.646164226912729,0.741547724431966,0.531065611414355
0.208451365180286,0.146019796872244,0.394912057762394,0.545445938431067
0.214407835019179,0.548855361957801,0.440265889721439,0.138270746287244
0.150633323431363,0.385427427939457,0.527877249087607,0.64940322906511
0.119217975071124,0.562393701788705,0.614429825176148,0.147323981531575
0.137234783927309,0.278616983768104,0.536794567210951,0.789653931424802
0.224381677056305,0.915681653837448,0.462107417838241,0.504761509032448
0.415319815365657,0.523990680079659,0.593005201020784,0.687124176520114
0.214537935948935,0.507296528326347,0.425833292574599,0.733089358009436
0.154306751787377,0.120138462635551,0.493275128704437,0.322791040250257
0.225613946514044,0.674951989304346,0.429475444704163,0.54016463187592
0.425831487319965,0.349596727233233,0.551069922029178,0.768811213011857
0.17629197003267,0.548497548502448,0.498052997464259,0.88097093915252
0.150577579076278,0.635422307982858,0.561745884966405,0.467890883374158
0.172877960625077,0.525184899027138,0.507208429050215,0.495741578220071
0.135277821183996,0.467762541606567,0.567935015813649,0.517914339527053
0.177544910444287,0.694297767531508,0.524876651944361,0.15659212031431
0.267437987260925,0.906117100508183,0.377920978335306,0.828390688099322
0.194111901493035,0.549254573970248,0.476639990787307,0.16992195461788
0.124696908049477,0.468597780057472,0.584012305792585,0.729366405672488
0.143027224926517,0.685748414141915,0.586728065238686,0.135827158626164
0.156869208358557,0.667475684388563,0.549767351985253,0.766865641630228
0.199567752034973,0.394550918227548,0.444664156616681,0.360243134408498
0.637325755380859,0.0137200155771598,0.664722252437273,0.0887906789091973
0.767906871046524,0.538702203302474,0.489850553379953,0.298362212296377
0.668050930289532,0.303992262065886,0.641784049139467,0.300865370636092
0.704022729742265,0.843096980320571,0.643672863619146,0.284183788432355
0.157267638939263,0.526819943423226,0.538690193599085,0.300335505906881
0.177258499000394,0.31682722620789,0.466973729835735,0.919853222437381
0.564842933027342,0.707358797042899,0.876508790024223,0.463357860159273
0.578959243437727,0.809187048366826,0.859594630255564,0.722896817682876
0.609350830664493,0.951422112181998,0.819805659639072,0.875355417564084
0.57753072183097,0.127436867067609,0.786618757142074,0.131152644699213
0.5573542801663,0.706254786158192,0.893180651160469,0.250972665033044
0.666648239825324,0.636040519261114,0.682192847274728,0.519327353965912
0.667697196281945,0.2917632725159,0.633476473788778,0.7897931232656
0.629168916099164,0.725158858363109,0.758676766874388,0.686220022268046
0.66347964856171,0.0287918031520077,0.618416559689998,0.137885130509548
0.788225720965309,0.414192291706222,0.432386980460391,0.638640242928663
0.569010741982214,0.876406849681122,0.359954332308734,0.55897059953167
0.670298443350463,0.905806670016766,0.182073289631786,0.41735015059496
0.627847342181935,0.560284240244818,0.215627009758182,0.454987272779814
0.576662230550691,0.81647648188132,0.343737668281707,0.223962898819805
0.623328904510787,0.388806291551758,0.198161155642331,0.74380842323894
0.558805621588502,0.427171695657813,0.31810470620048,0.863870132814421
0.430518674219112,0.240258690320381,0.537840003575847,0.187803933335618
0.429519358959191,0.407234577118862,0.557412079708248,0.381945435003165
0.440969913179371,0.0229562781220636,0.482607562556293,0.801332854009799
0.369150503083982,0.100762824762315,0.632498757453623,0.14353166892344
0.443296681384924,0.462459283264302,0.542668259244374,0.158878706370677
0.475655543829827,0.566938886601549,0.494829412901785,0.298132873918033
0.547207795688071,0.127232801632389,0.304759601304514,0.677961532150501
0.871324039930838,0.923358655540163,0.346428494007285,0.534606266408621
0.843453960612734,0.249754344898309,0.313405009929568,0.535485725805293
0.510431639154478,0.784253616504207,0.460049513702277,0.210635326300231
0.201077057498933,0.777950934828826,0.488037340533653,0.455313347832345
0.22408300650297,0.424618820097027,0.397024725331342,0.814927089403099
0.248045329314804,0.0908278872810057,0.314246056862316,0.678228392303089
0.278118060459111,0.85698140980562,0.35213038540088,0.84998063946341
0.450149604225658,0.719060010352421,0.550368348455553,0.928574221356127
0.212351987585466,0.24364295357001,0.401222320830141,0.461565527416127
0.0703388011446035,0.449882518036117,0.688586731389758,0.182040517821679
0.161550558023632,0.494131057624069,0.517745461985112,0.900508209910523
0.652572828771096,0.126697096531623,0.643592915453214,0.581698111660986
0.217524631865157,0.292584075281356,0.395894763015245,0.594297915570903
0.15520291285754,0.431150106403005,0.531992062350474,0.206651916808062
0.184503971828889,0.248758629553106,0.453466163103645,0.388659185713439
0.102682158789895,0.348442510423849,0.615696324671477,0.290917321025508
0.198415901568765,0.70807703908723,0.478618459740472,0.822253703870699
0.1140528039511,0.083641468566424,0.558233284126953,0.553928561105514
0.118570938714254,0.883392083586617,0.647356933192047,0.677656624896462
0.129049403435203,0.0859087104983501,0.526727259387207,0.855987746512917
0.0930714407850363,0.506416546596073,0.65218256532278,0.326231338245023
0.222674571493887,0.26576322413942,0.388154016345875,0.270295735254515
0.136266901978075,0.644211236340511,0.583101530005546,0.841959207571962
0.138855924977823,0.628557355185346,0.586102542757804,0.20794235057404
0.187922895861143,0.552680741909348,0.478467826500711,0.815969105667598
0.182724948314358,0.951955571692087,0.539348442609396,0.689008924220561
0.157964281520617,0.866452118567892,0.580807419604927,0.217845439360892
0.200773651218867,0.605804018355023,0.472707229290978,0.0953324411381575
0.487278661533738,0.213446317091667,0.429403951824845,0.331135869585546
0.521887580309155,0.647332222420246,0.418582069216043,0.454661326707533
0.477363105480184,0.642334220217882,0.50205476066182,0.234308760591768
0.482913553060118,0.660824437602053,0.486699337222674,0.733181969096761
0.16765337397845,0.200252140413745,0.477467646918097,0.424165129200056
0.155107609606108,0.267755168581227,0.503934066303921,0.730560684883992
0.193111788142223,0.860869357432714,0.509009984534567,0.702458304034122
0.218479556267217,0.441659361952977,0.407877449823171,0.908506642606231
0.214033758461263,0.627198228776036,0.451599493020696,0.0765713019117162
0.440572921917987,0.296868162897139,0.52842413541639,0.0696922956218691
0.545698155188929,0.321548194031224,0.331246953561244,0.701145065623691
0.541499277048757,0.205512522594341,0.325982265939482,0.601583172977453
0.553275991997366,0.639495990838972,0.365250164206984,0.154585474569764
0.532749427203706,0.274399934373858,0.350371270514724,0.603093194713465
0.21696710004465,0.57837352148345,0.439913357782503,0.0970065404985531
0.227519141254794,0.411581590069653,0.394343245474328,0.475024875509797
0.769499521666272,0.646914835927019,0.500300033387665,0.303926687291282
0.813584935389809,0.842485782568348,0.442404116674927,0.449110048652842
0.741856465340193,0.748618660660838,0.558134414617565,0.626925940947032
0.500444466556148,0.584363067639795,0.979428911304118,0.371756064879025
0.534447300184808,0.159225754861716,0.867229941258007,0.227299337704209
0.538010602590323,0.191996213304693,0.860468632258794,0.514394126510259
0.558575149903905,0.349624507355797,0.846212998823554,0.285093177957426
0.696248079846574,0.275503610826636,0.580127104197548,0.760644367258672
0.709804173656684,0.841950873475937,0.634336652880269,0.199300032003793
0.792425254353558,0.68054245816282,0.458434862269686,0.597424251833783
0.669328603502448,0.531778975965425,0.661455704600474,0.7130141442266
0.126729570216071,0.404801792674026,0.577322139042092,0.406430420012619
0.128765397312734,0.546421453614389,0.586944666537944,0.68611703747843
0.133031247052002,0.777031050636155,0.614964810248168,0.215612512685412
0.180556141037242,0.956478180648341,0.547840593891392,0.425990730143921
0.189027498952186,0.911131680561846,0.526459115175303,0.45194107698145
0.610126608304266,0.914960099757591,0.823760407483395,0.225125363995383
0.121009100666307,0.321305190565457,0.577609829559109,0.388637304923432
0.0760360785985045,0.0972867266410625,0.62421634054511,0.859892859301744
0.583378136661906,0.705304490506539,0.837626345442159,0.793263842127984
0.545364363406472,0.695347288016836,0.914048629786217,0.219543694781426
0.55534634587997,0.518872363527983,0.865871770300662,0.758043071000799
0.602277573363913,0.562889182908871,0.782956902666819,0.972960631910624
0.56098701517095,0.361648647188869,0.83572050919983,0.785723531455363
0.128677836705409,0.171248185702621,0.543160140935766,0.515623638702891
0.135759676844142,0.932278129816764,0.629982878152115,0.168923728928536
0.208470043428411,0.82886934500513,0.476068519760364,0.77619269442428
0.48021041681124,0.639093979504781,0.494333519142386,0.376132450500985
0.497271517536519,0.950099467046568,0.501840076003588,0.384672723756605
0.478363265362001,0.417215143337874,0.465167609603467,0.704706051718671
0.501321449231629,0.0486934315095695,0.375368561175643,0.866241249511962
0.545100900886315,0.728216182614368,0.388313667745454,0.336555409075798
0.55238482942455,0.0758785932961313,0.293255038384116,0.398144609652778
0.579373929949344,0.488550433636404,0.296447317397693,0.335677174836892
0.572187642407997,0.632811201100098,0.331675418994837,0.0526324738553203
0.715889891611392,0.44164239181459,0.0367258221490981,0.752619405700009
0.612479012398714,0.122567316929061,0.194261287695822,0.122300196912604
0.502110928494803,0.145432733002709,0.397382414212838,0.113242463748279
0.652157872561067,0.725806755667156,0.187074414985773,0.783737247730328
0.666193848993299,0.90987278675377,0.19269153577099,0.241677315010168
0.585249830953403,0.497726254738699,0.280226125090907,0.776676391921294
0.514340900443212,0.133474301474586,0.364808966916128,0.699497295228427
0.533433734660191,0.880766179614059,0.421357821546733,0.799377918329325
0.51084415811566,0.799405901141132,0.450318790039578,0.925195273991935
0.524299598748037,0.665171377465169,0.409742371716124,0.893993413983013
0.464711509315529,0.556647858382519,0.515736027168667,0.144421038914417
0.52067448128827,0.657098177911556,0.416201327162746,0.835685398578242
0.268223481560565,0.942772311667291,0.391972712693739,0.109386553065468
0.417005925618213,0.0614314402293739,0.537813232091906,0.342430314471034
0.470974077409308,0.385479014831901,0.480773951711313,0.300601246605563
0.517428849022371,0.434720461744261,0.393837780060341,0.879531319254658
0.530430903627383,0.526854452478794,0.393279579472139,0.116921429241623
0.874620236602116,0.119196736193333,0.239629570859256,0.605416786311375
0.968208498647694,0.75303907149118,0.154384878006304,0.220316868530494
0.900763100122482,0.604607276845576,0.25654067829784,0.334937554984781
0.593805440321531,0.093737472973095,0.219355981570274,0.463921628552127
0.545664331941604,0.145580834551715,0.320108367702001,0.00209084087381672
0.540380466403784,0.631003937063739,0.377741901930709,0.801932956775584
0.557411667575003,0.60946969223932,0.348678221416174,0.506386490897927
0.48925599479915,0.497527157214801,0.459882202522941,0.408248988275732
0.511428879509643,0.841734840908639,0.455160077637092,0.882346969602409
0.445600031915515,0.968180845689003,0.599012836990573,0.304005871858571
0.221836345776179,0.511486864379511,0.417040236261236,0.475047327549622
0.210115976090335,0.698044063051785,0.461922364005254,0.442945508162127
0.462614937039491,0.82009843081669,0.544987608906846,0.619901642722682
0.782195359622296,0.280828264592164,0.424636179336261,0.779724835874414
0.82054707878622,0.186413719196799,0.342870761682502,0.812984645422125
0.737093266939699,0,0.478022630596331,0.356810035597264
0.827440523894171,0.585644125747883,0.389946818400733,0.151317035600245
0.79429212508909,0.563101222389618,0.447747267315113,0.119508345002054
0.759737542651628,0.283054817814457,0.464431797598864,0.859110370196232
0.711147318275359,0.44490177946749,0.577187832672269,0.558795203968404
0.47256656263248,0.537900999137705,0.49358269120753,0.511716631869649
0.515028356651518,0.81070933277809,0.454321934868552,0.25491580422612
0.508402925306451,0.184769075511009,0.379640705763115,0.850729986793292
0.79068065038982,0.252778151118087,0.41364606074384,0.26155182298539
0.741515912351317,0.0287050789644414,0.477823119812797,0.0765477193303241
0.758729614799423,0.864455776288144,0.550104131570231,0.087463364796374
0.714727592729151,0.832814259196013,0.624931796202219,0.156092501777074
0.244951672735824,0.753486449235965,0.407175982601923,0.341001554282945
0.457388833040958,0.759469064480109,0.548918256095023,0.490069982494708
0.549866651547861,0.738238890385484,0.37449119715052,0.759103802104236
0.44579543171691,0.698790813137084,0.563720987564644,0.404225057791634
0.205176153539742,0.171757560638652,0.407827247663698,0.296559419188072
0.207148790538813,0.248929801908491,0.410569110869474,0.510556942905164
0.194334517480723,0.76866233003861,0.497526682701945,0.559635945594735
0.641943249411296,0.59269820581675,0.727771414519251,0.114537039682762
0.65288427324862,0.369693334581899,0.671385603421301,0.698979707501535
0.643699884802329,0.0808787424100408,0.654803700465502,0.528856666219405
0.694531775402647,0.932155819168553,0.672561167170809,0.242712743713038
0.774699592277198,0.464361950349713,0.461542435400847,0.74365819534165
0.805265967586197,0.631146148608151,0.432894208095387,0.342685881881715
0.839450779356129,0.739261038085042,0.381549949286002,0.524374327572847
0.43201894900575,0.157300006976112,0.516379955607652,0.743653773012725
0.412005505537574,0.123078075017308,0.555593453503541,0.272317202577179
0.277701084431821,0.908587573700573,0.362386476490063,0.646119702204217
0.200797576429492,0.490084711681123,0.45190128255613,0.516960863491496
0.185514975198747,0.634263954552849,0.490910993918295,0.950350430615413
0.123181928808096,0.356722889120873,0.572905048462172,0.727924804975399
0.0890517096679911,0.936212717593135,0.703892184443149,0.911070344319754
0.125697361784658,0.718395397768728,0.613514544707524,0.70748529346292
0.0461040594598522,0.382087989527751,0.713398632846884,0.88776069018313
0.101133886544482,0.811009419504026,0.666449392131571,0.911242614740795
0.0982509731374412,0.634800209368476,0.648752475647609,0.98154411649386
0.108675397489915,0.658166425555529,0.632753211837524,0.981104342053902
0.111002868695797,0.109065745420118,0.565897013083254,0.621075864692322
0.0587161445744744,0.728512467862522,0.743552627866836,0.226207674497258
0.133387232759449,0.909263088516826,0.61889531303294,0.993549533482205
0.1484678022219,0.43761480551708,0.53616105167443,0.788629147243244
0.166940384250817,0.752069112836405,0.54360025260379,0.661355152090054
0.1821951993304,0.946850354374297,0.547969554095486,0.14341096437037
0.408317511633708,0.430618329319804,0.600100690710998,0.293817660187449
0.217537690368213,0.796460196997831,0.462949364073235,0.29303595405356
0.171992747227498,0.50563502914875,0.505462994960068,0.556647790769994
0.147835931317192,0.160084855124755,0.512051142746698,0.185517984508738
0.117529560405337,0.722186558239313,0.628762888531243,0.709710032368794
0.105036124532996,0.335398589589266,0.609054373705187,0.340600007357508
0.156170188884699,0.827287794360688,0.575298106319637,0.474737335842421
0.128799828704721,0.284710970316713,0.550938893732447,0.915167538258226
0.133876255521724,0.121475364338415,0.532230388495257,0.208345316689355
0.160790178565679,0.903568992143392,0.574258412821787,0.614410192058198
0.138894607775462,0.422048858664759,0.550043851328643,0.890398247162723
0.0716881031452984,0.609549219250021,0.7039356237058,0.314178136029077
0.0846672953539636,0.863446081169578,0.707066917183362,0.631518305594148
0.0610050711845789,0.371401390064366,0.684234807312526,0.941442593373409
0.153670937682675,0.642746742182342,0.559893960396913,0.280453857893497
0.113118935381318,0.209202059113706,0.570055119425882,0.912174963297145
0.150306548909528,0.37608943050764,0.524267243983494,0.849675269622824
0.183355198734129,0.854750248118816,0.525166949361528,0.753583627848858
0.415512444911953,0.148059195114553,0.544575567249471,0.782595800525417
0.240318132543747,0.87064308221783,0.426371501032328,0.586959947601786
0.460772770176267,0.914693520432409,0.563320135758591,0.405531901895049
0.433705887988971,0.539097052919861,0.560944082257979,0.726106921172315
0.39955037644703,0.590522475552813,0.636857869607786,0.226419586983743
0.714053395996681,0.305404111009522,0.562281110063319,0.0544852907079323
0.746995203438385,0.182384707281459,0.482175788297531,0.390519442294326
0.798433638860932,0.531316775636604,0.427378236639026,0.706057915073057
0.782658259317435,0.343953302269021,0.440484825469063,0.196981577944277
0.190662951887951,0.496144362542738,0.47126173403381,0.501818898651717
0.0861769505638612,0.427859857505171,0.657641144264721,0.148638163467772
0.1508098627426,0.686367402556457,0.563754440056219,0.723743787472633
0.182435060496706,0.0977744628850576,0.436636967528251,0.510597769287887
0.168051100666399,0.122334848708399,0.47203461617274,0.0983472432828751
0.101365087788382,0.306693606065524,0.612487905896215,0.318448131888312
0.118526303975985,0.170744667354895,0.562762019999348,0.433063043244706
0.0597522079960515,0.0598282962153413,0.658100966329972,0.26777692655743
0.187004334250814,0.416128518502202,0.463096094855839,0.822554669319246
0.223264774077058,0.1628491161148,0.366418333483559,0.790017614012155
0.137059576352859,0.831201976702917,0.614190169371819,0.228019625640084
0.164863245990586,0.775604342251711,0.552326488499206,0.527138988172357
0.16210893512718,0.543425351935498,0.534202098324777,0.153523506534817
0.159460915332059,0.550483572149684,0.528234605388596,0.919590142008944
0.142925833126865,0.459479166888207,0.55059224624785,0.67882578748058
0.143634422198258,0.949760853164676,0.615676739663578,0.313265441041705
0.246021613958346,0.675775462737553,0.387398235785927,0.880338847056831
0.2385225539159,0.939821611129306,0.435791428858452,0.745955269002171
0.44580092633634,0.334186503480153,0.51451248437912,0.665685584776605
0.499163540110983,0.919173636650623,0.496080375774062,0.285514526988198
0.43517786859328,0.941923559716185,0.615658632212979,0.238053670524115
0.760643496757276,0.467548836187037,0.491919892802631,0.44814566242697
0.652291805057361,0.188077341625498,0.65942251634684,0.0747191794869435
0.161142974589317,0.16518920077136,0.488353114244654,0.198639241183046
0.193909674773046,0.103502554079017,0.417561154672284,0.443341386098505
0.449540226166164,0.326397102718799,0.512613958145312,0.280930618628999
0.481875438727917,0.859545308170337,0.515479642152437,0.585219205459878
0.489740597989187,0.0281690921885767,0.398608948814467,0.551472534372111
0.512793197746599,0.81829074801708,0.454138307824739,0.5955072128223
0.461833361351056,0.238830063723819,0.471951659527604,0.774831248910649
0.233740445145095,0.7627040563551,0.426448272191061,0.485863619891313
0.471178462472158,0.668510035711203,0.51356441966176,0.4285479998606
0.651798064157163,0.015160856809851,0.63085643144707,0.601892328842691
0.833578072558006,0.574361899791248,0.372119635414906,0.499820770737634
0.920634918641349,0.790224238734554,0.238330445163621,0.676809470450369
0.776614400908014,0.131886800297446,0.418214211709072,0.652672410258312
0.803034342204286,0.581599153806007,0.428058998039669,0.522709242795808
0.807137043020566,0.808770453389281,0.443331607001783,0.88220767000198
0.750759306926048,0.706077058056146,0.5386693573247,0.498216787376914
0.607964582475262,0.706941982679272,0.801979305466061,0.218553297979204
0.629825370655293,0.913246119466325,0.783077038878754,0.537471911910163
0.586085734538316,0.818655635436164,0.851346620444283,0.49257740270513
0.562792675250334,0.145571343457085,0.803409240826597,0.932780626989954
0.656866725612647,0.699231328276107,0.707555607057395,0.533371733263533
0.540219350001515,0.260215717569673,0.869492181242776,0.213932631146623
0.0988400537594337,0.433034756245121,0.634357679331472,0.211883716576512
0.0903458706168874,0.956888521089061,0.712596782238665,0.352757089044918
0.648346395537831,0.498195201811075,0.700240948933689,0.390628810986348
0.537357344504107,0.120816104328794,0.856360906500081,0.281744705934373
0.541143031658616,0.334509547247128,0.868742154630709,0.759294808618007
0.607447577770716,0.782019283895014,0.807719735196526,0.515205125604725
0.557142164426498,0.50780540655176,0.860642802806597,0.797489944392672
0.601582916307495,0.464051232875307,0.780434349860579,0.415290070307053
0.565160081401733,0.141623550348001,0.810952507039062,0.121908646987777
0.666755119594005,0.880676260482261,0.705520644429283,0.968113237278762
0.600531105416627,0.58252098482933,0.793071249616948,0.676128733353615
0.570470815708986,0.575558354587399,0.847948481256561,0.595349260378916
0.584486490430802,0.811157217285118,0.853723244230526,0.465832952660087
0.120078501636947,0.336166532670419,0.583566171502546,0.229082442450515
0.142620593468926,0.706596120686852,0.57847034211725,0.897681663018859
0.162669972889318,0.225413316667466,0.489752002800122,0.415856383746723
0.173697029850352,0.222719449753386,0.461678621651625,0.925175984118793
0.681224413904254,0.177060192048025,0.603494788667349,0.212425730299115
0.443706339146995,0.436741509359447,0.539513520421442,0.10769240308053
0.472790564547908,0.701816406137961,0.510469278537969,0.711611102560736
0.238760365464425,0.077074775767543,0.330767813611054,0.586800915990697
0.144381285622901,0.0943963657337227,0.504961079651983,0.528070539873432
0.241096906878491,0.798544678077568,0.412839802091273,0.795934220271703
0.158125276317908,0.150612186245571,0.49083270809408,0.276580167578835
0.524518169104668,0.227711043631453,0.884896867059685,0.808424968545654
0.151289007111171,0.14023592933603,0.497957793667161,0.538741888189023
0.163608846462261,0.63361459222937,0.537526211134682,0.491827661211799
0.219416489275971,0.302340982144755,0.3940285705294,0.570984161341638
0.0971311065635176,0.180052124166111,0.6033284467149,0.392750886724585
0.119075834224776,0.611325329028225,0.61116688078089,0.778200606609538
0.138912572206056,0.567030624189821,0.575978375055752,0.365162354458837
0.229081185176119,0.907256017930223,0.457371985983568,0.186889850825269
0.259606448836077,0.852339748112396,0.395951614169937,0.137725781240762
0.222254127002038,0.107838806656208,0.367144108981847,0.413973203370209
0.127904166589332,0.0949405190116543,0.536789262469619,0.404381042682931
0.159435121823086,0.410822469010085,0.522158122175379,0.182816099132849
0.184569609276501,0.916564633160911,0.533779592259743,0.54651190817038
0.138583425742118,0.510951650040531,0.560638998457506,0.95594063525755
0.156828157855751,0.753502769405865,0.566996100926765,0.340326322967203
0.152352149405146,0.15974436882755,0.502286435709268,0.286335056819494
0.0706925940089451,0.085791343267016,0.638236557169775,0.48124155869448
0.0455710071612868,0.128136129542178,0.691419454699864,0.325080816894934
0.12319107535724,0.481424984349882,0.59320470805708,0.408953844263626
0.0925689388685803,0.210626183419309,0.609200096376971,0.800216542132844
0.10251741703629,0.313990793186034,0.608258848789122,0.51872866109623
0.112612247934115,0.174205299239855,0.570086975508149,0.684963142068039
0.0943963855829267,0.261597328309786,0.622540531855626,0.120516154350247
0.0803050663952291,0.201421590839085,0.631509496548952,0.720541318699448
0.101783484341667,0.929801368149623,0.685388520140188,0.557144666683575
0.080371894967246,0.284061806443109,0.642279013782958,0.678416260195014
0.533127167684739,0.699592051886749,0.934101055631644,0.394903426292958
0.507285266730556,0.138160016495434,0.915014074433766,0.152305943400293
0.589926540644277,0.591143354080893,0.815152549365579,0.558969903308422
0.11469887736056,0.751846340762728,0.643552520744237,0.316484741193559
0.679113017149417,0.572772022244377,0.650065742343483,0.62953339864969
0.709975417043738,0.303971402157961,0.561959688022619,0.550433370827631
0.634876276964695,0.805401264867616,0.764731911806506,0.261761034498524
0.621612754006409,0.108510633048979,0.692905593876574,0.882741442390396
0.137310009204707,0.541603206850378,0.571061329020385,0.672331917897246
0.196341442752268,0.770354670656332,0.490506802228729,0.795825226337635
0.229474932947566,0.83576845020867,0.448522405482861,0.138768554271798
0.163795711053839,0.0561454985471153,0.460336680122335,0.835468290470962
0.272970515540525,0.737931192592181,0.356792671035671,0.185950024221041
0.223123600685584,0.707263173957994,0.444317527273796,0.124522056498839
0.200366058785794,0.722358274376255,0.487370385974327,0.130390333152731
0.212922161134853,0.866805998850644,0.471563036377845,0.851009138123843
0.202576645239101,0.457121299755356,0.443536833022367,0.586004890435303
0.142663260068284,0.585056395945826,0.573029061834346,0.258818636627233
0.125942233533377,0.804730848611977,0.627037337138816,0.493148177611803
0.0846455937932696,0.696558048842115,0.69067492649094,0.350697155207756
0.0800728295118892,0.2972931090609,0.641039992822095,0.903566339772416
0.070526870883925,0.577838243490952,0.70359597343325,0.216302554216246
0.125245569676804,0.146807023348185,0.543933905468429,0.674751052027213
0.216385697722896,0.8678055465415,0.476385025137755,0.12875894252661
0.418608754404741,0.0532594438336216,0.527569897409219,0.758391998209749
0.220767668789422,0.967318034771359,0.47089707572312,0.779015120365376
0.158997927976934,0.718165931136498,0.552414467163689,0.752390865333767
0.177671982306034,0.808185173902693,0.536484807225089,0.30707798640413
0.570095070656148,0.867911733094206,0.886001937883191,0.522346732942507
0.563509666506499,0.6480531499378,0.866733178436921,0.781585129770806
0.589011433031128,0.599944679598215,0.82014697094256,0.411398887230228
0.559611956214246,0.325929233556661,0.836110536928904,0.632647588994272
0.50375588454799,0.0767045963444039,0.905666266194169,0.686840450590254
0.581105456722019,0.133909977867778,0.774605069546324,0.547832367638055
0.615128480322232,0.132094658826697,0.707221934153742,0.906940540219848
0.56219458824819,0.553063162828676,0.859181089982729,0.660195063552743
0.587500511653569,0.296577563964151,0.789526718526768,0.130615321373245
0.693145651730171,0.53687974047582,0.627227459169478,0.16501503147233
0.680473037707466,0.133556686679943,0.590198192739246,0.821802970043993
0.720906852139742,0.26665089649319,0.535210823572029,0.701484484389523
0.66301466260749,0.819775460680251,0.715993509198202,0.228453343948291
0.102108785794596,0.991391318056575,0.694489934114175,0.422156616268845
0.114121116261034,0.930102618021496,0.657068136852087,0.950803828967283
0.0445983688077984,0.489631984960675,0.7359417764105,0.461914261790153
0.061597792409422,0.205474244805195,0.665056911763679,0.77843314335383
0.0669360023944268,0.544114011125025,0.70184744666937,0.484532398880811
0.0402646641096547,0.707680366167469,0.774546809977173,0.218496048011744
0.588049539067659,0.866278019299463,0.857408471118874,0.248105826371797
0.616914803066628,0.690218605977515,0.778793253107331,0.539645994779024
0.566144346500021,0.944683134758277,0.905107091543948,0.363260185899752
0.115363679713745,0.418318242101537,0.597773587572243,0.527249831411773
0.0377834871155192,0.374905954414323,0.736173465635931,0.323543536471987
0.0313001706849435,0.176183342050681,0.720654762890053,0.496369106577695
0.0206172807330876,0.144880928626733,0.735340821979283,0.549275331395574
0.0938470746966156,0.596098241741794,0.661257420357669,0.368486853970557
0.142695537294407,0.833364981751683,0.597338816668753,0.681875753676891
0.105713641942174,0.631303411680151,0.641866607748512,0.51571752390727
0.189381292035556,0.889087935991704,0.52301037528074,0.456739088414207
0.174204554491448,0.156362494055906,0.462905360163308,0.242476100647969
0.218310637900682,0.725483219370107,0.446376498841943,0.711918622491089
0.208005165304804,0.865753142376896,0.488854145677786,0.291511204578896
0.107964925055609,0.712108573210417,0.651999884419364,0.239873420875284
0.118973726548383,0.628494368403327,0.619309630348776,0.394806095950646
0.112379873258194,0.734398707365219,0.640553324885188,0.648071181559534
0.613545518708722,0.833376342426477,0.802388268211132,0.557522147022913
0.576690296534124,0.642199924899757,0.84240667804706,0.761720730108189
0.526522578163094,0.172088785769877,0.875086525569744,0.760814985112186
0.599739147071273,0.819760410463275,0.819333086936613,0.978776840262798
0.60800627448194,0.628075384663951,0.788458926859852,0.459488756283859
0.537773124465523,0.925709342767043,0.951701728934752,0.527840790196543
0.562571833112823,0.11947388332686,0.800931759052666,0.909160161383509
0.541994337310296,0.137968539147835,0.847918696639355,0.423890185910098
0.558177217887687,0.252429554172925,0.834251031222575,0.32640114369487
0.559789498275648,0.367967826239233,0.83747320108257,0.86484657359851
0.534300127509088,0.620063580128377,0.917981182833806,0.666487884092901
0.537040779352109,0.283455516916101,0.871190015660313,0.671066867429138
0.508884888416624,0.270264456360188,0.928258090618333,0.168150387399118
0.522713148997306,0.223594153875331,0.892106133607842,0.515906529282664
0.577587044051302,0.481132846583814,0.818123529160546,0.937946780862726
0.537952456873253,0.256713129769062,0.874017297291052,0.15810366500533
0.540368763218134,0.0945736965135373,0.843357688240287,0.563774329863387
0.120347457373315,1,0.657106459201999,0.775835392863224
0.544284245813632,0.545184394722155,0.893064931506682,0.503526201724823
0.621127273786504,0.627179663089539,0.75690126552069,0.962890971189555
0.572351926686351,0.673763364368005,0.857092553091624,0.570718038850833
0.0602798877197495,0.782598928941035,0.739565620920145,0.743270366534815
0.53407677543643,0.340619804945989,0.881639711423593,0.803677034192369
0.534345715340277,0.0547652107236996,0.849062884170854,0.582169839568602
0.504602034077742,0.0184173054556844,0.900593863167602,0.443977667002184
0.00269183227570213,0.178162968289249,0.775274861986659,0.332256580980778
0.0922102137347577,0.507930342020863,0.646359040538587,0.82442582733685
0.0684441683275615,0.373346652232332,0.681689854874352,0.237266969090105
0.536306698737816,0.683468182371471,0.92895933569839,0.222274039188208
0.0526364448242226,0.482133662277995,0.717368324361018,0.663658021719232
0.112896134592496,0.368321151488089,0.590755350240989,0.87535544680313
0,0.201603384224837,0.784272835747262,0.252722155117863
0.556662010218508,0.512619769794807,0.869020885855562,0.342903779962249
0.0487888044521601,0.224440908160121,0.697954221317187,0.297133423735557
0.0501938244226233,0.526365823381718,0.723993107139268,0.880167551029567
0.0949814872889028,0.483577250942545,0.637001674914158,0.910678487289218
0.10544102815296,0.518246170910074,0.631536506404766,0.30529175320047
0.607221300545367,0.718985920574383,0.800433222089502,0.507208949159637
0.556369369771016,0.448843137666639,0.859754930798856,0.466977102778728
0.114413611275343,0.511877213995491,0.61716262590104,0.128497839804198
0.183496251349856,0.532727235367794,0.483804457544029,0.830173796778691
0.608622408575611,0.87922910544851,0.812658135989039,0.843380713390237
0.613987045541935,0.666928159376422,0.786361280314216,0.20101624658904
0.135102596441685,0.502903196423929,0.569288661229795,0.736505853281122
0.154316003930986,0.912203381616686,0.589234773088344,0.472000695575937
0.158029492411809,0.785310498040281,0.569936814971599,0.263096583603949
0.149073128612619,0.260169719760482,0.513743333129761,0.74326443840702
0.162471575369238,0.083224574389332,0.466765619441464,0.791464684892146
0.447987419485757,0.472111634882503,0.52607293167965,0.76976601439949
0.244760395757922,0.818567823144142,0.412117511036893,0.569786706498881
0.44743489068996,0.552860046376579,0.540890676779689,0.519780168180777
0.462510830126266,0.428009657079045,0.503984767662219,0.130364041340596
0.209409708449159,0.0988906517176867,0.388225655483622,0.486422503051685
0.735221017909543,0.393161631233262,0.530037769967382,0.366433939410175
0.749626642104118,0.479783441864584,0.508976489091866,0.74019638217576
0.653977671902246,0.663115689384224,0.707483110543524,0.588106030286741
0.205020342638477,0.926902939601115,0.50315199614116,0.205975125250773
0.254605656438026,0.290120207286607,0.325812507411552,0.760862712761701
0.213508681322029,0.330944849000844,0.411044754435261,0.38976364405399
0.49501062261395,0.403639968904907,0.438708220916346,0.348571856375112
0.572571126988017,0.951550348918089,0.362080427092374,0.607507651429659
0.489212447607291,0.561426972178441,0.462843474590732,0.740040082100942
0.505784863580774,0.687695233280635,0.457960298449765,0.114537235740496
0.517020399047994,0.589871927509938,0.425958304030369,0.0812020500285225
0.210422589898753,0.291146647098883,0.415058280469919,0.16915699233004
0.458954609954808,0.386657173000613,0.499192470757287,0.532450284805866
0.230995475697581,0.158207490150367,0.356408984228455,0.488351713798605
0.540896243895242,0.105224516403241,0.31345447130737,0.679343748177285
0.534833478558614,0.369815570772515,0.362186793282742,0.355750111243177
0.190107890108476,0.934745076834805,0.532490892364793,0.11893113754964
0.31222813845059,0.959633918692219,0.302828831995487,0.861634164084038
0.183519366713252,0.568671479543579,0.493047876734427,0.512632961768242
0.219446242117105,0.721162806526701,0.451007653054285,0.236530367300981
0.171418105389272,0.588926403085942,0.519410474588754,0.387300091098209
0.162339102008538,0.896128138830585,0.573983692752644,0.386984404692976
0.13424144761949,0.292958889380409,0.545638587741473,0.681975000355418
0.162543503246638,0.255375466509268,0.486341565074839,0.899781165285791
0.157650587029016,0.702242541548517,0.551772355793246,0.82543688097595
0.669146803338351,0.882978451656584,0.712932787610173,0.21396886861032
0.746550255841802,0.530863170872438,0.521407189600287,0.706245203421101
0.737985154748684,0.264693733424782,0.502924690307256,0.772050605411102
0.655021557876353,0.561639334824877,0.69084817144345,0.729884276271597
0.232766760737704,0.877278940336233,0.438767495514932,0.726499342650577
0.490416369940358,0.240955299889228,0.422072167022494,0.663599729892393
0.456319388448617,0.268630271046815,0.493734255239816,0.242831005773891
0.197737625977937,0.680504505694108,0.480966412880481,0.52372720734611
0.201661548388487,0.953443123243486,0.51220303626184,0.227809974328792
0.739060471706657,0.61205613122806,0.546644050815021,0.602065546360673
0.585569774637292,0.58342215326708,0.81858245369956,0.790083915312208
0.105071295165025,0.383725774555078,0.616573544925364,0.236091470103203
0.143181367077695,0.975739053580279,0.620719852759843,0.24752746970942
0.647244563369967,0.720386853923884,0.726448558485217,0.611026313439474
0.636636747936445,0.786217380776946,0.753930607843621,0.605768663738744
0.534742641652796,0.195631779930975,0.863669553559543,0.723347483592707
0.578231493296885,0.410050746032837,0.809642451576278,0.838983921367443
0.0382446927768159,0.175946680135724,0.711986488849308,0.236213359945837
0.148169407939164,0.637824905116013,0.57030542856052,0.211696222572585
0.632394142614413,0.514931213250692,0.730147977592271,0.462827468860679
0.61516159484425,0.377854610277014,0.745383552975489,0.397858417449378
0.616332574904231,0.17852537247599,0.713606009329883,0.722179507494239
0.712982428613965,0.774998630914538,0.609429711921028,0.912331683706685
0.530105902450557,0.695139126338876,0.936488359236899,0.561950657010843
0.588388975680534,0.187652281225236,0.770817611350598,0.366602991921682
0.567997644272004,0.195326813558866,0.803691267354199,0.699275719915437
0.0839944943504853,0.649334032574091,0.681462368273619,0.64908541960392
0.116675667055362,0.117153710118893,0.554890157095774,0.734403687146068
0.1014398294777,0.776607362627612,0.672960387874159,0.16570893263009
0.155351057812524,0.367349914556692,0.517453407687405,0.624812215359468
0.470110489025642,0.369719739732386,0.472001135082238,0.852153287419522
0.23081656654166,0.173697528540325,0.362181572248211,0.256340118602862
0.205161379585642,0.689079759151304,0.475057701092774,0.0967652554316317
0.161887657450262,0.16584120433217,0.481294570140372,0.579465889065741
0.21483391337152,0.610633205503438,0.443405934147311,0.384961398521095
0.171545725930704,0.665649137973673,0.529505280382894,0.334023666585323
0.11490941297412,0.1137329235474,0.563054557224077,0.380107183750703
0.584183332805489,0.623753125703883,0.831717441921289,0.420488065242024
0.646618238548624,0.292749440660098,0.68010233118087,0.245236155627364
0.653508131613224,0.648066948108083,0.708203219656908,0.473955721713944
0.617938264126854,0.066959243084636,0.695131460114055,0.835624935125584
0.523384981762069,0.317769954600024,0.906777990332027,0.239017707983842
0.570668612714665,0.593495005949828,0.845364198444233,0.888116854409791
0.587969068571098,0.469826498583623,0.804680013860374,0.491518069021398
0.657737479031451,0.887355238636285,0.72836182532035,0.59579170210999
0.661461493938603,0.558499147863965,0.6797945041509,0.663155466027146
0.643122624275356,0.812073812323146,0.746320316140376,0.543640755385837
0.625572738648228,0.660648446214235,0.755545154403459,0.794863534177305
0.138771670686372,0.21707362080591,0.52611101481745,0.806947991649594
0.0889890424471197,0.110197055425323,0.609556423879339,0.384378295644238
0.110500588000391,0.230579279609338,0.583096357164903,0.541053254096993
0.229923854269073,0.742127634326914,0.426325838002719,0.781331443766354
0.645657919418812,0.28697644684976,0.67894065305537,0.389115092734172
0.245536920882533,0.106668625179706,0.322128157758063,0.588208427840088
0.230733193575148,0.77109976258546,0.435515000313738,0.31667478658286
0.209551197269798,0.240410823197936,0.410920846142443,0.13130402828481
0.233180104458242,0.532723733278696,0.395216701970409,0.730707148073264
0.238374420149663,0.225709061371686,0.354160927292245,0.306740372952339
0.783866523812236,0.00216641830041508,0.388380985654656,0.691606932640542
0.718271744393737,0.756376956692679,0.609328649936236,0.136029238645625
0.777740558142281,0.502719293181266,0.470739137081871,0.0888579494420975
0.757519207777122,0.859852247359387,0.545227654346097,0.515097338409283
0.654413545647779,0.0964910482057887,0.641568185350588,0.248829193195235
0.716298332148153,0.766741243131735,0.605212512325092,0.726801984293504
0.644292379915168,0.718326264271927,0.73699263648347,0.252760507772118
0.612619826587695,0.662310905701868,0.777797853128468,0.889791123868823
0.100001918146108,0.790025834075657,0.669491946276333,0.674910216528376
0.0937368879888318,0.818991645469308,0.688754945446541,0.391452388590574
0.0678622264076477,0.407119916063466,0.688142942607665,0.157755221869021
0.102832090748429,0.42228829876978,0.620215985957923,0.578264428461525
0.110023902557974,0.495015062865119,0.622984124703578,0.131623718020802
0.163381040263673,0.330658437939166,0.499762644297863,0.531246737948261
0.602367909919012,0.0104884661091797,0.719606518307376,0.622260465201111
0.205311971389399,0.311679572675867,0.418195283452682,0.740017447988961
0.157655738622172,0.839271591460715,0.575473165410239,0.383782428729367
0.640386035644906,0.466217634584492,0.702192886810226,0.950946891910164
0.62945479627759,0.931026089339364,0.784028942437134,0.664138864273003
0.613362651626168,0.800068944466686,0.799684848225068,0.485403772738582
0.547241499954153,0.461416440294662,0.874061589491065,0.717344117126748
0.628141745819305,0.71731390235401,0.758241657736732,0.773370318034767
0.699094676148111,0.50790932399256,0.603284923650038,0.793976825492568
0.142751293344185,0.485447004416752,0.55307708745614,0.748072617928135
0.111997806827603,0.591056858616374,0.631163460782409,0.141736328193095
0.609482673642183,0.709354003755898,0.791643447244581,0.737072988316605
0.641925327699303,0.500632505550378,0.71224600132307,0.386784612966142
0.136542827102732,0.475005043517487,0.5711662145384,0.213534507812607
0.222455208646607,0.564091994633763,0.416535541887621,0.863661400694107
0.133130174777967,0.50515856486625,0.575053425553529,0.610980138783536
0.191603100270674,0.99860388009112,0.533445842612154,0.39880290229668
0.0955730829080256,0.0789920438617178,0.595500255938268,0.268976921925563
0.0978238994752354,0.0985328543674595,0.589783515912289,0.535981625493511
0.135053942592583,0.540598437461576,0.577452441039048,0.512838477173387
0.195480791049221,0.748064889126091,0.492540097911809,0.582861139521345
0.176988106409318,0.413799810660337,0.47970208536046,0.906043696367787
0.168540811817652,0.820382765694754,0.548583009840021,0.700056106387987
0.114335195935517,0.32294740684999,0.58645947800838,0.616046200594409
0.0759235780524135,0.640305059091507,0.698458954576427,0.420135680368545
0.00655946105311334,0.0744439126920261,0.755468442334339,0.327504308032325
0.0853899698574788,0.872862003970863,0.712528231305561,0.262863973172781
0.128011678936958,0.336295829608742,0.5603739180706,0.809426746585416
0.133129258664091,0.481531048594184,0.568659464179756,0.838922132432972
0.0980885947719642,0.122065833906885,0.586555387339303,0.908788047855568
0.522573127271348,0.429383950868609,0.922493129960581,0.212787580062377
0.466610521190661,0.269020154613669,1,0.48170217380161
0.0888052328085343,0.907247691099575,0.705943036798785,0.569213640815273
0.10879626147994,0.928324061072111,0.66868212824082,0.807509615872328
0.570848419869863,0.483770056757322,0.841668462411581,0.214467792962487
0.676531626973291,0.706204128206537,0.66951750535711,0.746620714391331
0.684176092830375,0.799110545751845,0.664173275885255,0.944310390942068
0.557586083138974,0.0853312674962303,0.811242145370241,0.54708818220497
0.22711307187741,0.673579598862108,0.422677427899688,0.797330769911359
0.12542099291529,0.57855963559484,0.60095312598491,0.425789905128333
0.162112284206302,0.0705855426757912,0.473385545561868,0.295705612084473
0.214737146324302,0.51259062416245,0.424051767400965,0.869719633976564
0.207265316569946,0.588078245897052,0.448535069562935,0.766417035870548
0.111674428809081,0.873518043914648,0.664477848970012,0.293528328719559
0.107004052151523,0.129269891694691,0.577477394876318,0.501171374500442
0.143263688598214,0.212798598472989,0.524309246353443,0.354706484330072
0.171740195971978,0.777626020347362,0.543772264674566,0.2859690279439
0.174087292211522,0.441804965323578,0.488264123470152,0.917365198619772
0.116106559113434,0.42009266308688,0.597940159234878,0.442146803580666
0.132974613531307,0.425301973094758,0.569100601758706,0.3695387051981
0.143630346018256,0.286071409266756,0.536754340455841,0.0901497198401437
0.173386605776139,0.498970577347352,0.506910631008814,0.240751101303057
0.801383470065304,0.914650489402735,0.474066832763576,0.410631585537575
0.716984274247494,0.373520733761285,0.563521282965963,0.179064205940341
0.662438287054728,0.793057082928625,0.715307748992745,0.124312530634816
0.733297907826112,0.801969864647992,0.588215072577253,0.104419745499798
0.790603111514878,0.0128413850950121,0.375531975362287,0.820322103123676
0.713250968577046,0.196251221828409,0.545260392104369,0.379264867453957
0.740916177272715,0.864278190031043,0.576035241589622,0.505242776834559
0.755248528271673,0.803350892349984,0.536363190914732,0.908098285346006
0.75305713391662,0.798445514988177,0.54680802544067,0.442388151819301
0.701641712614032,0.61171190742785,0.609666511603058,0.917306344946626
0.639633276157959,0.65670997969195,0.738721054741825,0.192107402827414
0.153948342544186,0.0743882804954489,0.488879283168319,0.281421161224594
0.173675565872551,0.795005674930483,0.543117396606197,0.23997678382675
0.175322649691754,0.395672960344295,0.483791664263047,0.687786952158399
0.233902311208721,0.855466303188587,0.434280303014449,0.708235684385635
0.175798404133671,0.0847242523763997,0.446296083283681,0.560426593725086
0.427055378414213,0.388453415290504,0.557148953065246,0.53995406092017
0.401882744186237,0.0282854712909009,0.559036567733501,0.479956620179767
0.568191222246896,0.645791818327568,0.334080108426659,0.477122176093776
0.480714534631839,0.965093752762058,0.535767091980222,0.250347974112578
0.219378289151197,0.71789122558254,0.442794451032365,0.758246453052243
0.162405968638319,0.736222180791086,0.546243720712855,0.899094501635794
0.104802122921812,0.188647967191982,0.590995510957748,0.359075875349552
0.132196758492493,0.206548439783832,0.53702269465052,0.787614558938223
0.179088424721739,0.838423697256355,0.531971701966006,0.681730765158825
0.102607694990571,0.591784429461128,0.645459779951137,0.327410868235328
0.13458621215826,0.397132658621249,0.558887128393718,0.619317741982681
0.211184838054521,0.980580432071923,0.49867547462441,0.20304388758874
0.186338377049375,0.974702984544082,0.543681859347876,0.158473512476729
0.0793075646853166,0.633603028405217,0.693644215988873,0.278484090454101
0.181482313073271,0.995381269845138,0.549419648810741,0.529059829723299
0.216120756497739,0.935513181849946,0.473180045426509,0.923678664956715
0.123391135226692,0.137884590695323,0.543479137684377,0.853093488282123
0.0775977479501231,0.426196949912683,0.672266649316805,0.196412005189592
0.0854202048501701,0.960067248853683,0.714935351356345,0.812473025005886
0.0636066902412611,0.622001547353672,0.714779215447582,0.666535509108952
0.112154743364338,0.890213415498763,0.656124903186247,0.92195457134415
0.0595164673185911,0.251252378151916,0.683394903358892,0.193903513684673
0.138820441566271,0.936048309591932,0.62501375848963,0.16143777188128
0.493945286491829,0.192587554397969,0.937106264051941,0.734515886777377
0.524473985753335,0.35898523359245,0.902437608301115,0.730937555837855
0.532022527681315,0.504757007741211,0.909644783925589,0.545743152867671
0.12447901191694,0.687787626175044,0.614247766667341,0.554846747838882
0.0687587250080442,0.154910239660219,0.644308283640613,0.876509071517441
0.032190494257358,0.32687323361457,0.740118664489786,0.339308398936147
0.0886655050866486,0.980552245515497,0.719126799303021,0.316733301995116
0.55190474205838,0.275263911774581,0.838434999299278,0.985773101502048
0.604466667581595,0.868045255943782,0.828308007995446,0.218369568823849
0.0609063589903466,0.474817777213594,0.707159118715572,0.28899165509718
0.13072374649431,0.250699780306795,0.545828132501385,0.744338344888862
0.149033337662694,0.219689673859893,0.515774513190359,0.284085666956869
0.171002002363622,0.183359033436323,0.472439715517018,0.217600497880582
0.0787985043733819,0.260627583640752,0.641001191253667,0.758963579452399
0.00732671604711338,0.242117597851257,0.776204980725156,0.239987706739306
0.128241140540694,0.806554404843739,0.623328961064826,0.477728429811263
0.15886562924796,0.467314914820399,0.521387460633819,0.76241426414876
0.160153909630716,0.204786802709383,0.484174712201568,0.914612515676006
0.651948105905844,0.200723670703268,0.65099100389232,0.773577978263319
0.785516655321151,0.569277803253504,0.453437874160277,0.842445499526813
0.493600126564024,0.712164747623029,0.471571828886101,0.872380101965145
0.232355864676821,0.81309124747688,0.435850866981337,0.443636454481163
0.201638020526662,0.267978493962005,0.417055826541021,0.896683229634371
0.732609974525463,0.929028360196474,0.592430953279898,0.945905909071949
0.61938202923393,0.670715924577198,0.77680191515819,0.217175411512565
0.588498436197743,0.103422677406625,0.751936205836583,0.908367866807045
0.56590048435162,0.131167409619957,0.800243553160095,0.652748603907744
0.621356761687947,0.416123559111674,0.731292875733346,0.8980052676547
0.570830863840169,0.638937717473331,0.855595947545579,0.566464851983394
0.0706502492051364,0.540963136292562,0.686885359582567,1
0.138428414201792,0.947107960270236,0.618941489911166,0.697912622208382
0.56880298406855,0.510401953487074,0.842819565298021,0.600066706074844
0.605019824700369,0.892944736752683,0.820343994240839,0.879463029448139
0.632624317449056,0.52453665517883,0.724702083965952,0.872003075598058
0.104174100737065,0.794218433219242,0.663245325825834,0.622321630430682
0.506097129423562,0.0833622106559759,0.907497662041966,0.341381067871841
0.04600937156517,0.423374112126874,0.724066593396852,0.534148327809297
0.0592810674085894,0.379630287576922,0.692279960670743,0.685008217504868
0.506541691705781,0.248130839972019,0.929950350747771,0.15575987257322
0.527599646598652,0.432313504567777,0.902974398953649,0.921076716245748
0.582830440778977,0.886582010195244,0.867747390862061,0.356262378174959
0.538772598350441,0.116561961308014,0.847328698795664,0.672378300548077
0.188706291874112,0.88029522589934,0.515769516980011,0.9418583114261
0.248386055415366,0.814678267958052,0.399857487420065,0.912040218669381
0.228127791042757,0.241628720793612,0.368496351349681,0.715985808543933
0.397311558674782,0.16706113469813,0.583490136620033,0.548980673600918
0.183690695329839,0.250251208107918,0.457506495143424,0.23206747353351
0.750199511454376,0.80008906680411,0.551364841856347,0.496937404344508
0.733521851072663,0.735571467444984,0.579865565989785,0.085184522377007
0.253345446294002,0.724020705320534,0.380777779623876,0.835814284378075
0.233540826437346,0.661984060228631,0.415812813915613,0.387485712633924
0.42846936986281,0.458102485764274,0.566115173618706,0.34974135457906
0.446536308407073,0.751816652226819,0.564309268424115,0.709814758938438
0.216552904654486,0.190945480224517,0.38775668879215,0.416245230010764
0.245049466982774,0.157960910794391,0.327000529387746,0.744361557353163
0.282400067762642,0.677202653079096,0.323908063545637,0.728809179294188
0.519201274868989,0.457460002442833,0.397067753783523,0.641149101522308
0.518544209682424,0.863785828590352,0.444677377350795,0.903036425551556
0.432735495405996,0.0620763700926034,0.506313136580028,0.543420146113709
0.466550726558008,0.671291680128344,0.527042865850285,0.116645958611304
0.251824731741819,0.54702291178259,0.369408786955141,0.320892149368954
0.47601220600063,0.86013697248114,0.525377262234112,0.638403855229228
0.297638232782629,0.978956875193427,0.33337661338882,0.750264655263174
0.423006576195353,0.592754669394603,0.594626109491194,0.224572527780897
0.128437480025282,0.410188692322451,0.574891090522905,0.406562272544109
0.145973624705912,0.935150697587578,0.601148996537937,0.870695279903434
0.119078811416367,0.873664454395819,0.642851887800447,0.834057950966577
0.110929789345628,0.258109569675722,0.588257803836999,0.374944061686102
0.132879256622674,0.737240718289353,0.599391838661905,0.933533827945166
0.146043317757445,0.65244101051893,0.576894165968436,0.151157680906709
0.169014270415802,0.222865545246114,0.472001479414588,0.805922874022168
0.115849757234571,0.250240848227186,0.573699664649589,0.68150196349917
0.0438065759689199,0.233733465792635,0.707766197709965,0.321846912673468
0.102734317231903,0.582766536562965,0.635663300674316,0.883182126899118
0.154981826669772,0.265214136235366,0.506187341032082,0.576600844730686
0.121621917829862,0.383009239925427,0.579590845282642,0.688694863160917
0.0613709726821393,0.089049253659355,0.658119921950436,0.311848978608903
0.214058880657868,0.633909113124743,0.451763106345969,0.117569760261463
0.914183006255158,0.0744199904305547,0.164872038487079,0.438217304024402
0.470171978225638,0.775355878216405,0.529903645957764,0.345574623399598
0.516094449126024,0.599270926788774,0.417993413417691,0.792328190583066
0.241265686796079,0.668457013742144,0.401847033386183,0.437481607304337
0.265829186361149,0.474777283482075,0.327565345208006,0.813355562072384
0.20708802556605,0.356154703621169,0.427045346434902,0.308841225187585
0.155523481916149,0.102741951418921,0.488505823805689,0.349435797975818
0.243122993640173,0.968642206436773,0.436637025328685,0.376672803863984
0.312706994578557,0.741852593329602,0.275669885036909,0.81412685934857
0.482083456482701,0.810302275070079,0.507540952591122,0.680840833091878
0.435203427785286,0.584735426023629,0.56804323532485,0.452831952766485
0.482219565631546,0.310533338829243,0.44914711284426,0.428073618394495
0.473043606159127,0.434032279064774,0.474690277762259,0.850104641626764
0.791838005078926,0.44979242612213,0.438980848632031,0.0644121231941663
0.746507092772052,0.000898657754992316,0.46324459103555,0.213265917150794
0.712713740578087,0.515306317918503,0.585646189558309,0.389971975688459
0.648597966678961,0.209135810437427,0.663740461661098,0.403161028321057
0.584799112080394,0.152891093553447,0.772579325187996,0.395330944076607
0.220686523036441,0.367363063123249,0.403981067636194,0.295308378684209
0.260544609820736,0.809539039491331,0.385519309708721,0.362852509352114
0.738645237599862,0.716710108686522,0.562488437827071,0.463225337676081
0.791679649834952,0.87732541012239,0.482633492690587,0.700157822884782
0.696959133077767,0.872525408822533,0.658154302656094,0.414322367859512
0.651048053227832,0.283959781518126,0.67042640610117,0.28157778491123
0.204953623141051,0.149032192387039,0.402667964652413,0.477077583241025
0.442752827272954,0.0406063194637874,0.482825271123965,0.718332169043329
0.798563862936711,0.810054649888867,0.47181266582677,0.0418244982364014
0.7961265119521,0.625204493240503,0.448461689162786,0.360415607829025
0.790698822577164,0.249138032197227,0.40627130006513,0.714829444893025
0.736487827443355,0.854749482412136,0.588035888212387,0.166322583825604
0.66311505766917,0.422993054322741,0.666969724015527,0.203877376088178
0.691947987407953,0.680025289879846,0.639096695960977,0.695101266961079
0.697012723985875,0.571639454145219,0.619168013896322,0.517500211147892
0.721094891792285,0.14490618733127,0.517722727207756,0.836104572186604
0.70892226931621,0.283050547959997,0.559640132271572,0.657955490469682
0.635097792889966,0.683229522164714,0.743566334267907,0.630825689183935
0.662932699416372,0.902043613471781,0.719402088214097,0.685281365543969
0.539788676837078,0.823774292901353,0.936176538930547,0.476953862680463
0.584437439171805,0.327971338693057,0.786939032075977,0.922427324841525
0.50079933271565,0.25894843938323,0.938616504886617,0.358976902671504
0.58156244780847,0.417728753551079,0.803936413338908,0.879629705365475
0.581543790444253,0.833293548902015,0.860418234771749,0.557087043915126
0.560622791258539,0.519509290799871,0.860818740793774,0.466184948344768
0.564466732735034,0.440198537128863,0.842819101020463,0.544563992412218
0.647409599957672,0.0666210556603227,0.649233177559824,0.336413727787167
0.646582615897385,0.249614410442882,0.673820260846709,0.310782473820032
0.596152797271375,0.460043144266677,0.785223154907605,0.715355448980014
0.581103928325861,0.829059970634749,0.866450262916391,0.178200637807276
0.586618235495423,0.715661652199454,0.837345608135788,0.509706789491988
0.534830258700093,0.451216399798685,0.901539863021347,0.307093373516664
0.110658013940687,0.395835870400936,0.597787817949718,0.904239887146563
0.0388960591178731,0.246287146753375,0.71807599691723,0.331865915904203
0.143549347523054,0.286060513378006,0.525026248631861,0.871254921675039
0.0274865992588531,0.0714621553890451,0.711651348020107,0.689115455639082
0.0400711686338077,0.205213146074758,0.708922444203861,0.458692082917981
0.594779071658118,0.653250190094242,0.809293752306716,0.872266808860933
0.56317860783123,0.207130411768097,0.818906512008879,0.369556704283101
0.619949714054156,0.897947027454786,0.792421946119363,0.976026258394011
0.645310318563611,0.868928007423608,0.754883136340589,0.183262393039681
0.195546123561882,0.392533512262267,0.446363732431136,0.711746666862077
0.183311500498038,0.622927421153629,0.505377750036804,0.169023540414219
0.240182152366697,0.757250857418108,0.409999916444169,0.754939001703157
0.170582430079411,0.688820845139789,0.533400933370323,0.381741685648034
0.553705535792728,0.93157235790359,0.923402389990779,0.536648655163576
0.585919940162554,0.339525746106687,0.79476242486513,0.325187687429191
0.631386374512706,0.472195788564647,0.724354896893309,0.615441112938136
0.605456737528628,0.270965090039895,0.743690302307462,0.79483084409516
0.532664183805153,0.110387275550067,0.856115509918862,0.772675688379744
0.585560014845,0.2336860470016,0.772750967553277,0.952527576770638
0.629370489508748,0.130031343661673,0.688829475936419,0.401010189239851
0.624047127130603,0.660504860170163,0.756472480839446,0.914689919900831
0.641085181595952,0.0504655731783789,0.654150739986559,0.635577721124899
0.558093555309579,0.413318457875601,0.853924436276552,0.354973481200666
0.664108481887011,0.116848122903798,0.619304358259279,0.722975629562052
0.737398195350975,0.0263018746309641,0.476973567708423,0.604060489220293
0.646301511211558,0.809707762264929,0.741011881873495,0.494315093378869
0.655096371719851,0.209988312301053,0.65148077828252,0.44137374790873
0.167153263986498,0.289856433872224,0.494369030679347,0.103115196049676
0.146344449795242,0.447998246936154,0.549935178705465,0.220536725710067
0.190625746598834,0.792842722405088,0.503825643003595,0.785012308059501
0.194832470436503,0.810353525526664,0.497575827849319,0.837185663421693
0.0538321198018678,0.228958436035241,0.691473050072513,0.158701849818936
0.0840910005897553,0.5482917093065,0.674080432508022,0.298717769601148
0.150045331600176,0.0981259926712887,0.500477968185047,0.177716017517578
0.618540129654539,0.529349059545644,0.754107082557032,0.65707871358018
0.426939009532459,0.335314307932119,0.553746163251995,0.344089877435387
0.560023619256455,0.0344533488052229,0.270083501156081,0.673173519672972
0.506063373968469,0.172479610236693,0.39465561639891,0.0418008228298656
0.505456213294712,0.254313793439667,0.404099844720651,0.160688185170146
0.604652767401136,0.544559126657931,0.254057218741218,0.565609557730125
0.598967394194655,0.445193216601839,0.253134057309513,0.493796582001011
0.597305058647488,0.831643431461401,0.300888551744622,0.703901203694715
0.592592848190831,0.64718095560815,0.284504233472794,0.838740534952537
0.921542306112149,0.675265935360156,0.227274569236601,0.357845077176338
0.667947908157451,0.382694150766482,0.116310392340939,0.755530185598477
0.755362258448387,0.709841374163651,0,0.648079352622369
0.740847173764569,0.76781291296649,0.0378018339355428,0.365937470835253
0.72180417224857,0.569594126090064,0.0496229983178493,0.242666639614902
0.63383035671928,0.367813133510985,0.176640960765288,0.735414279903595
0.552789347472612,0.396561342238902,0.331516973103368,0.449502720231722
0.55454839639718,0.789293787260606,0.381837482710002,0.133899836324671
0.810537115647403,0.781450241466559,0.437980212909069,0.605702822594475
0.705883131931842,0.209247855518144,0.562407737810474,0.236243816740357
0.678392855835663,0.87535162400313,0.695879533734134,0.170549093721632
0.690520693295944,0.667085794602158,0.644927675340259,0.376201654179812
0.666378066965157,0.501306416733912,0.661297843762613,0.826744692790014
0.663599711894659,0.00182344567777637,0.609296346442352,0.503480467232479
0.730100984794674,0.748387334936907,0.587337304617265,0.106332369767001
0.820870501315405,0.755690214380559,0.421141694450234,0.270478907130526
0.858642426901578,0.574979087313165,0.322160944894731,0.801261706922832
0.752815233668747,0.012638400806734,0.455146229318756,0.0892612201897447
0.727880648630359,0.391985715878922,0.543829030655313,0.325272092071483
0.807020883612103,0.0644259706471146,0.356347416330386,0.544686795120465
0.892531901352188,0.502216006737632,0.255248664881566,0.566414788589062
0.832341828790628,0.410924846088176,0.354281570438782,0.4871805692702
0.756267400388682,0.421350951645497,0.492909470504712,0.52814437518246
0.730382047971846,0.626461927151096,0.565602574053722,0.507744853241836
0.751849730093616,0.903763005157739,0.559774201217276,0.592808886451867
0.801017447409644,0.590555080023492,0.434327185422162,0.424045948875632
0.744923674205723,0.151413145969736,0.477570992964393,0.687855739767396
0.848809503761761,0.299259351597837,0.307591639561666,0.682958936826818
0.748022052956589,0.0315507909551415,0.458483864290213,0.595830425634232
0.788954389869898,0.634984705207977,0.46396756932308,0.275784848173729
0.814472563277753,0.121940554426977,0.346519696709243,0.771534776651745
0.771619448384367,0.382549146848614,0.465387039546218,0.190628220812184
0.603205825504739,0.9373280415439,0.303824621540186,0.669157910732892
0.595039277913218,0.761774595852035,0.294480705959203,0.825634875083547
0.537775532291724,0.526228453226681,0.372560423982094,0.598622829886406
0.610258058185327,0.260372893049139,0.20905379530623,0.538583061322903
0.558864175643748,0.326978259091683,0.312344126935017,0.418295999615169
0.830073492436604,0.576749469223529,0.376763218513834,0.631913655509587
0.809568675183019,0.392068559906178,0.390356302773721,0.676933592685169
0.635531115512635,0.174651199636517,0.686490033009289,0.184045550916996
0.860817729938719,0.301753531698167,0.286941768101436,0.629205376780647
0.750272209544574,0.924152855129161,0.56352831600315,0.700414518282731
0.637842801597175,0.498075644376017,0.714250221395155,0.721110320424641
0.626871977592758,0.236342060316178,0.710939557220785,0.112030907549679
0.123237518302721,0.372003438308224,0.581877639853034,0.255716820817531
0.118986071839704,0.683329043764761,0.625792516900044,0.414291570510332
0.229701857063131,0.619881596055308,0.409282371665892,0.931527391004735
0.180382214905648,0.757953719545078,0.524340574251912,0.37278691211878
0.228626276890071,0.723698080188932,0.433019738752033,0.345392528274491
0.454333427213307,0.622222426822956,0.541781938277337,0.204144359665266
0.403978209742523,0.627136064914809,0.63379383824475,0.198511550450135
0.231980100056878,0.746039960254133,0.430957490230614,0.263256562515745
0.762621055753801,0.0631831624838027,0.43212512590931,0.846318852172975
0.452480683961046,0.239174259265837,0.487008936827903,0.902852174350244
0.430899943559533,0.918573107394881,0.620267390080176,0.254681472232101
0.431385579783898,0.542114209302854,0.574597498595456,0.1293451921686
0.543408646798194,0.284270359056451,0.341433223566237,0
0.552908720847575,0.410043259274557,0.338929703121873,0.0576244728871562
0.56175357660089,0.753317490181254,0.360715907302537,0.370262655018249
0.521989178459467,0.854837224787947,0.444121418954111,0.455615087736076
