TimeSlot,mMTC,URLLC,eMBB,TotalTraffic,NetworkLoadPercent,QoSPriority
1,50,93,111.036365154803,254.036365154803,25.4036365154804,High
2,40,86,137.718198863155,263.718198863155,26.3718198863155,High
3,55,117,131.173755627277,303.173755627277,30.3173755627277,High
4,60,86,130.891813731514,276.891813731514,27.6891813731514,High
5,49,110,114.765750937783,273.765750937783,27.3765750937783,High
6,59,105,168.102603122505,332.102603122505,33.2102603122505,High
7,57,0,195.777282958062,252.777282958062,25.2777282958062,Low
8,53,0,139.830473675734,192.830473675734,19.2830473675734,Low
9,64,0,106.125660195337,170.125660195337,17.0125660195337,Low
10,54,0,125.251818050771,179.251818050771,17.9251818050771,Low
11,58,0,125.095787164216,183.095787164216,18.3095787164216,Low
12,50,0,151.436042201459,201.436042201459,20.1436042201459,Low
13,59,91,174.075388242463,324.075388242463,32.4075388242463,High
14,59,0,165.025119012492,224.025119012492,22.4025119012492,Low
15,61,0,185.158610639776,246.158610639776,24.6158610639776,Low
16,55,0,185.800759811944,240.800759811944,24.0800759811944,Low
17,66,0,212.406053630787,278.406053630787,27.8406053630787,Low
18,53,0,281.897752960958,334.897752960958,33.4897752960958,Medium
19,46,0,207.016973363433,253.016973363433,25.3016973363433,Low
20,51,0,112.076966351317,163.076966351317,16.3076966351317,Low
21,60,0,111.370506377476,171.370506377476,17.1370506377476,Low
22,71,0,166.006571242223,237.006571242223,23.7006571242223,Low
23,64,0,148.794833339067,212.794833339067,21.2794833339067,Low
24,59,0,182.970547890269,241.970547890269,24.1970547890269,Low
25,68,0,217.43074919577,285.43074919577,28.543074919577,Low
26,55,0,261.585176437563,316.585176437563,31.6585176437563,Medium
27,61,0,242.976675577734,303.976675577734,30.3976675577734,Low
28,54,0,186.580298548674,240.580298548674,24.0580298548674,Low
29,63,0,303.478064487723,366.478064487723,36.6478064487723,Medium
30,55,0,238.357785102834,293.357785102834,29.3357785102834,Low
31,59,0,243.475250966332,302.475250966332,30.2475250966332,Low
32,45,0,313.256113623847,358.256113623847,35.8256113623847,Medium
33,63,0,266.576800780062,329.576800780062,32.9576800780062,Medium
34,67,0,242.855839466623,309.855839466623,30.9855839466623,Low
35,53,0,262.626830416602,315.626830416602,31.5626830416602,Medium
36,55,0,248.786880488003,303.786880488003,30.3786880488003,Low
37,63,77,256.994080173804,396.994080173804,39.6994080173804,High
38,58,81,286.232912138238,425.232912138238,42.5232912138238,High
39,79,122,340.12900579395,541.12900579395,54.112900579395,High
40,62,112,365.096737938059,539.096737938059,53.9096737938059,High
41,57,103,361.526010934044,521.526010934044,52.1526010934044,High
42,56,83,405.562790038802,544.562790038802,54.4562790038802,High
43,54,108,439.804771955036,601.804771955036,60.1804771955036,High
44,65,100,424.223645949918,589.223645949918,58.9223645949918,High
45,55,99,335.28147764494,489.28147764494,48.928147764494,High
46,47,103,322.544998900019,472.544998900019,47.2544998900019,High
47,75,87,233.764162833241,395.764162833241,39.5764162833241,High
48,68,108,175.089899185502,351.089899185502,35.1089899185502,High
49,68,74,204.272699091806,346.272699091806,34.6272699091806,High
50,69,0,241.295772787508,310.295772787508,31.0295772787508,Low
51,53,0,239.393437071083,292.393437071083,29.2393437071083,Low
52,68,0,243.603969272328,311.603969272328,31.1603969272328,Low
53,49,0,240.276698490915,289.276698490915,28.9276698490915,Low
54,51,0,230.922516048066,281.922516048066,28.1922516048066,Low
55,58,0,181.847779342836,239.847779342836,23.9847779342836,Low
56,63,0,201.832354349009,264.832354349009,26.4832354349009,Low
57,65,0,164.541618880637,229.541618880637,22.9541618880637,Low
58,65,0,143.701885147997,208.701885147997,20.8701885147997,Low
59,63,0,145.478711354907,208.478711354907,20.8478711354907,Low
60,56,0,116.234176241685,172.234176241685,17.2234176241685,Low
61,46,0,129.748013972064,175.748013972064,17.5748013972064,Low
62,81,94,152.470028560499,327.470028560499,32.7470028560499,High
63,68,104,176.385681977377,348.385681977377,34.8385681977377,High
64,71,107,124.941332732268,302.941332732268,30.2941332732268,High
65,58,109,142.483287969939,309.483287969939,30.9483287969939,High
66,62,85,133.185442257988,280.185442257988,28.0185442257988,High
67,39,103,172.438135234899,314.438135234899,31.4438135234899,High
68,64,105,151.832669562803,320.832669562803,32.0832669562803,High
69,62,114,129.660147486288,305.660147486288,30.5660147486288,High
70,63,106,106.242290822441,275.242290822441,27.5242290822441,High
71,74,124,178.002462145829,376.002462145829,37.6002462145829,High
72,64,101,169.367449193939,334.367449193939,33.4367449193939,High
73,54,92,136.734958608937,282.734958608937,28.2734958608937,High
74,54,106,116.095274020926,276.095274020926,27.6095274020926,High
75,63,81,100.465891006328,244.465891006328,24.4465891006328,High
76,50,82,159.953490899086,291.953490899086,29.1953490899086,High
77,42,0,121.032702722561,163.032702722561,16.3032702722561,Low
78,51,0,116.089078918785,167.089078918785,16.7089078918785,Low
79,52,0,154.452748238114,206.452748238114,20.6452748238114,Low
80,69,0,194.107079616283,263.107079616283,26.3107079616283,Low
81,57,0,177.924828232793,234.924828232793,23.4924828232793,Low
82,57,0,120.884880756264,177.884880756264,17.7884880756264,Low
83,49,0,131.155319745134,180.155319745134,18.0155319745135,Low
84,55,0,120.197606196577,175.197606196577,17.5197606196577,Low
85,54,78,115.351661570436,247.351661570436,24.7351661570436,High
86,58,0,127.959717050806,185.959717050806,18.5959717050806,Low
87,57,0,165.710611364625,222.710611364625,22.2710611364625,Low
88,55,97,106.262632167576,258.262632167576,25.8262632167576,High
89,59,120,104.395817888177,283.395817888177,28.3395817888177,High
90,56,128,115.519637411031,299.519637411031,29.9519637411031,High
91,44,116,103.095961888108,263.095961888108,26.3095961888108,High
92,70,104,101.889014899243,275.889014899243,27.5889014899243,High
93,59,81,134.143334957422,274.143334957422,27.4143334957422,High
94,56,105,202.396839675368,363.396839675368,36.3396839675368,High
95,44,0,198.112691871291,242.112691871291,24.2112691871291,Low
96,49,0,202.525995551863,251.525995551863,25.1525995551862,Low
97,51,102,271.993455805163,424.993455805163,42.4993455805163,High
98,51,0,298.293953354083,349.293953354083,34.9293953354083,Medium
99,59,0,262.357547424993,321.357547424993,32.1357547424993,Medium
100,51,0,189.479107928544,240.479107928544,24.0479107928544,Low
101,45,0,241.918538949758,286.918538949758,28.6918538949758,Low
102,52,0,293.339471405295,345.339471405295,34.5339471405295,Medium
103,45,0,326.753486831133,371.753486831133,37.1753486831133,Medium
104,42,0,372.742130779783,414.742130779783,41.4742130779783,Medium
105,37,0,345.501809360838,382.501809360838,38.2501809360838,Medium
106,44,0,345.458489074093,389.458489074093,38.9458489074093,Medium
107,39,0,288.012166568575,327.012166568575,32.7012166568575,Medium
108,47,0,323.960290616838,370.960290616838,37.0960290616838,Medium
109,45,0,348.016102695401,393.016102695401,39.3016102695401,Medium
110,44,0,281.543030544449,325.543030544449,32.5543030544449,Medium
111,44,0,228.557405182648,272.557405182648,27.2557405182648,Low
112,51,0,242.979482477293,293.979482477293,29.3979482477293,Low
113,52,0,296.106030185181,348.106030185181,34.8106030185181,Medium
114,37,0,247.791589973608,284.791589973608,28.4791589973608,Low
115,41,0,207.203351206062,248.203351206062,24.8203351206062,Low
116,36,0,180.153795769485,216.153795769485,21.6153795769485,Low
117,53,0,194.640722957235,247.640722957235,24.7640722957235,Low
118,47,0,122.8466555737,169.8466555737,16.98466555737,Low
119,39,0,132.920800801345,171.920800801345,17.1920800801345,Low
120,57,96,164.968981635469,317.968981635469,31.7968981635469,High
121,43,79,130.577949087493,252.577949087493,25.2577949087493,High
122,51,0,100.913060440306,151.913060440306,15.1913060440306,Low
123,42,0,102.002486900631,144.002486900631,14.4002486900631,Low
124,59,0,115.416771992448,174.416771992448,17.4416771992448,Low
125,38,0,173.445984524426,211.445984524426,21.1445984524426,Low
126,38,0,156.641607188262,194.641607188262,19.4641607188262,Low
127,37,0,150.290571221358,187.290571221358,18.7290571221358,Low
128,51,78,185.816551062453,314.816551062453,31.4816551062453,High
129,34,98,201.590572249578,333.590572249578,33.3590572249578,High
130,46,119,201.678985531392,366.678985531392,36.6678985531392,High
131,48,96,102.76248479231,246.76248479231,24.676248479231,High
132,46,0,139.88446652196,185.88446652196,18.588446652196,Low
133,41,0,180.089111089029,221.089111089029,22.1089111089029,Low
134,33,0,180.362938624787,213.362938624787,21.3362938624787,Low
135,39,0,165.620697248555,204.620697248555,20.4620697248555,Low
136,43,112,170.356995541977,325.356995541977,32.5356995541977,High
137,39,0,241.110345842392,280.110345842392,28.0110345842392,Low
138,46,0,240.24437692829,286.24437692829,28.624437692829,Low
139,31,0,192.126503078252,223.126503078252,22.3126503078252,Low
140,36,0,179.854829997987,215.854829997987,21.5854829997987,Low
141,36,0,175.399121417775,211.399121417775,21.1399121417775,Low
142,27,0,234.279369601375,261.279369601375,26.1279369601375,Low
143,36,0,250.032344566593,286.032344566593,28.6032344566593,Medium
144,45,0,215.759794774945,260.759794774945,26.0759794774945,Low
145,38,0,213.947000786871,251.947000786871,25.1947000786871,Low
146,37,0,233.658820290016,270.658820290016,27.0658820290016,Low
147,36,0,261.266300963001,297.266300963001,29.7266300963001,Medium
148,42,0,182.350586562099,224.350586562099,22.4350586562099,Low
149,45,0,175.92773207779,220.92773207779,22.092773207779,Low
150,35,0,205.536535532172,240.536535532172,24.0536535532172,Low
151,28,0,186.513742461738,214.513742461738,21.4513742461738,Low
152,44,0,208.418530845743,252.418530845743,25.2418530845743,Low
153,31,0,247.207715449744,278.207715449744,27.8207715449744,Low
154,39,0,230.975386695419,269.975386695419,26.9975386695419,Low
155,27,0,170.050345142198,197.050345142198,19.7050345142198,Low
156,40,0,188.563685189508,228.563685189508,22.8563685189508,Low
157,38,0,172.43523665414,210.43523665414,21.043523665414,Low
158,35,0,236.705947808723,271.705947808723,27.1705947808723,Low
159,42,84,248.279345802958,374.279345802958,37.4279345802958,High
160,28,109,300.820130273328,437.820130273328,43.7820130273328,High
161,43,83,248.752295354033,374.752295354033,37.4752295354033,High
162,36,100,243.111621523166,379.111621523166,37.9111621523166,High
163,27,0,211.062439497693,238.062439497693,23.8062439497693,Low
164,45,0,187.996090026267,232.996090026267,23.2996090026267,Low
165,36,103,136.100592704957,275.100592704957,27.5100592704957,High
166,48,86,135.195261648591,269.195261648591,26.9195261648591,High
167,46,87,145.379085158941,278.379085158942,27.8379085158941,High
168,45,99,179.960813675066,323.960813675066,32.3960813675066,High
169,48,82,149.443179634368,279.443179634368,27.9443179634368,High
170,48,91,210.752610462811,349.752610462811,34.9752610462811,High
171,35,106,211.547827582866,352.547827582866,35.2547827582866,High
172,41,85,185.017202109125,311.017202109125,31.1017202109125,High
173,38,111,241.460716380502,390.460716380502,39.0460716380502,High
174,39,98,305.231342915608,442.231342915608,44.2231342915608,High
175,44,0,345.182590374878,389.182590374878,38.9182590374878,Medium
176,36,0,432.305190798091,468.305190798091,46.8305190798091,Medium
177,43,0,407.131246267212,450.131246267212,45.0131246267212,Medium
178,51,0,361.667052586655,412.667052586655,41.2667052586654,Medium
179,43,0,397.768779539249,440.768779539249,44.0768779539249,Medium
180,36,0,350.597164722068,386.597164722068,38.6597164722068,Medium
181,56,0,275.964398573104,331.964398573104,33.1964398573104,Medium
182,46,0,269.306782544119,315.306782544119,31.5306782544119,Medium
183,55,0,265.524493406789,320.524493406789,32.0524493406789,Medium
184,34,0,261.110002076899,295.110002076899,29.5110002076899,Medium
185,38,0,295.280568007691,333.280568007691,33.3280568007691,Medium
186,37,0,309.090558996075,346.090558996075,34.6090558996075,Medium
187,50,0,349.274297236875,399.274297236875,39.9274297236875,Medium
188,27,101,358.22148520686,486.22148520686,48.622148520686,High
189,58,92,344.142337430284,494.142337430284,49.4142337430284,High
190,48,0,318.341859954075,366.341859954075,36.6341859954075,Medium
191,34,0,218.34169013357,252.34169013357,25.234169013357,Low
192,39,0,228.431250323367,267.431250323367,26.7431250323367,Low
193,59,0,246.196899537972,305.196899537972,30.5196899537972,Low
194,43,0,244.066048833962,287.066048833962,28.7066048833962,Low
195,40,0,252.145842381854,292.145842381854,29.2145842381854,Medium
196,49,0,233.708806646994,282.708806646994,28.2708806646994,Low
197,47,0,136.344955652088,183.344955652088,18.3344955652088,Low
198,37,0,177.987411504841,214.987411504841,21.4987411504841,Low
199,42,96,220.010078644138,358.010078644138,35.8010078644138,High
200,50,0,228.328099978979,278.328099978979,27.8328099978979,Low
201,48,0,196.877365982512,244.877365982512,24.4877365982512,Low
202,46,0,219.538470441964,265.538470441964,26.5538470441964,Low
203,53,0,153.184852033178,206.184852033178,20.6184852033178,Low
204,52,0,184.478874788674,236.478874788674,23.6478874788674,Low
205,42,0,171.511409866093,213.511409866093,21.3511409866093,Low
206,58,0,119.543569719253,177.543569719253,17.7543569719253,Low
207,55,0,155.474833094247,210.474833094247,21.0474833094247,Low
208,50,0,140.92250376866,190.92250376866,19.092250376866,Low
209,68,0,230.092919690626,298.092919690626,29.8092919690626,Low
210,47,0,145.940784198235,192.940784198235,19.2940784198235,Low
211,47,0,177.610743318947,224.610743318947,22.4610743318947,Low
212,58,0,177.641347668716,235.641347668716,23.5641347668716,Low
213,60,0,160.919614289681,220.919614289681,22.0919614289681,Low
214,54,0,174.099921621045,228.099921621045,22.8099921621045,Low
215,51,0,224.884778551043,275.884778551043,27.5884778551043,Low
216,55,0,312.890957886659,367.890957886659,36.7890957886659,Medium
217,50,0,319.233573657916,369.233573657916,36.9233573657916,Medium
218,69,0,278.101933736563,347.101933736563,34.7101933736563,Medium
219,60,0,267.455702426004,327.455702426004,32.7455702426004,Medium
220,54,0,199.65784113063,253.65784113063,25.365784113063,Low
221,61,0,166.601260355979,227.601260355979,22.7601260355979,Low
222,56,0,175.699437701746,231.699437701746,23.1699437701746,Low
223,64,0,194.331384923085,258.331384923085,25.8331384923085,Low
224,56,0,229.516621743504,285.516621743504,28.5516621743504,Low
225,58,0,284.344109880257,342.344109880257,34.2344109880257,Medium
226,63,0,325.950051789036,388.950051789036,38.8950051789036,Medium
227,52,0,343.334030767311,395.334030767311,39.5334030767311,Medium
228,59,0,347.233302497492,406.233302497492,40.6233302497492,Medium
229,66,0,319.992623485918,385.992623485918,38.5992623485918,Medium
230,52,0,236.766611872085,288.766611872085,28.8766611872085,Low
231,57,0,229.098176839608,286.098176839608,28.6098176839608,Low
232,85,75,274.182329488046,434.182329488046,43.4182329488046,High
233,62,107,282.445495041914,451.445495041914,45.1445495041914,High
234,58,76,260.919259854705,394.919259854705,39.4919259854705,High
235,57,74,106.518146791577,237.518146791577,23.7518146791577,High
236,68,114,104.796236047739,286.796236047739,28.6796236047739,High
237,48,119,107.830076802331,274.830076802331,27.4830076802331,High
238,64,107,122.739450729763,293.739450729763,29.3739450729763,High
239,87,109,179.386665199554,375.386665199554,37.5386665199554,High
240,64,98,225.274460366133,387.274460366133,38.7274460366133,High
241,71,109,256.003674651406,436.003674651406,43.6003674651406,High
242,66,63,218.187022979202,347.187022979202,34.7187022979202,High
243,65,0,151.045744994049,216.045744994049,21.6045744994049,Low
244,68,0,130.736025881903,198.736025881903,19.8736025881903,Low
245,55,0,158.777653960825,213.777653960825,21.3777653960825,Low
246,60,0,171.230731432652,231.230731432652,23.1230731432652,Low
247,66,0,172.119238865405,238.119238865405,23.8119238865405,Low
248,67,82,161.345404591633,310.345404591633,31.0345404591633,High
249,59,0,157.19787339537,216.19787339537,21.619787339537,Low
250,66,0,105.164418855234,171.164418855234,17.1164418855234,Low
251,58,83,132.546337847994,273.546337847994,27.3546337847994,High
252,55,104,113.602763166921,272.602763166921,27.2602763166921,High
253,45,109,108.553176790546,262.553176790546,26.2553176790546,High
254,72,102,111.051060648443,285.051060648443,28.5051060648443,High
255,54,105,112.995569486209,271.995569486209,27.1995569486209,High
256,72,0,150.256237532445,222.256237532445,22.2256237532445,Low
257,47,0,164.393556605865,211.393556605865,21.1393556605865,Low
258,68,0,172.853915139226,240.853915139226,24.0853915139226,Low
259,65,0,277.799031691614,342.799031691614,34.2799031691614,Medium
260,67,0,274.788477115585,341.788477115585,34.1788477115585,Medium
261,50,0,285.674282068743,335.674282068743,33.5674282068743,Medium
262,43,0,317.465951854018,360.465951854018,36.0465951854018,Medium
263,70,0,318.188431980547,388.188431980547,38.8188431980547,Medium
264,51,0,367.059181984086,418.059181984086,41.8059181984086,Medium
265,57,0,366.28070120497,423.28070120497,42.328070120497,Medium
266,56,0,368.986356381145,424.986356381145,42.4986356381145,Medium
267,60,0,445.634115490844,505.634115490844,50.5634115490844,Medium
268,59,0,413.586572482105,472.586572482105,47.2586572482105,Medium
269,55,0,336.570573745466,391.570573745466,39.1570573745466,Medium
270,68,0,377.805132420906,445.805132420906,44.5805132420906,Medium
271,71,0,402.211638731857,473.211638731857,47.3211638731857,Medium
272,65,0,341.921413236101,406.921413236101,40.6921413236101,Medium
273,55,0,319.058893790401,374.058893790401,37.4058893790401,Medium
274,56,0,296.015844617963,352.015844617963,35.2015844617963,Medium
275,62,0,271.18152969447,333.18152969447,33.318152969447,Medium
276,65,0,285.061528504167,350.061528504167,35.0061528504167,Medium
277,65,0,280.604176769396,345.604176769396,34.5604176769396,Medium
278,66,0,284.435839320288,350.435839320288,35.0435839320288,Medium
279,62,0,248.270506370095,310.270506370095,31.0270506370095,Low
280,68,0,254.517068537447,322.517068537447,32.2517068537447,Medium
281,53,0,297.182586562399,350.182586562399,35.0182586562399,Medium
282,56,0,299.391977485699,355.391977485699,35.5391977485699,Medium
283,51,0,345.035952080916,396.035952080916,39.6035952080916,Medium
284,56,81,382.135589422519,519.135589422519,51.9135589422519,High
285,53,103,422.450947019593,578.450947019593,57.8450947019593,High
286,48,75,407.241574662918,530.241574662918,53.0241574662918,High
287,60,0,384.48851768971,444.48851768971,44.448851768971,Medium
288,56,0,372.426202802631,428.426202802631,42.8426202802631,Medium
289,49,0,318.45004227894,367.45004227894,36.745004227894,Medium
290,58,0,336.348637727913,394.348637727913,39.4348637727913,Medium
291,57,0,296.862873364619,353.862873364619,35.3862873364619,Medium
292,61,0,272.798971483992,333.798971483992,33.3798971483992,Medium
293,49,0,258.05998653356,307.05998653356,30.705998653356,Medium
294,40,0,237.75904992883,277.75904992883,27.775904992883,Low
295,41,0,221.855306776902,262.855306776902,26.2855306776902,Low
296,53,0,258.171983729394,311.171983729394,31.1171983729394,Medium
297,46,112,278.952853586284,436.952853586284,43.6952853586284,High
298,43,113,311.352258146798,467.352258146798,46.7352258146798,High
299,49,89,297.286243398373,435.286243398373,43.5286243398373,High
300,53,130,303.011510381816,486.011510381816,48.6011510381816,High
301,57,120,287.249897928974,464.249897928974,46.4249897928974,High
302,37,133,246.838074680737,416.838074680737,41.6838074680737,High
303,47,93,248.410093910517,388.410093910517,38.8410093910517,High
304,45,0,290.246043074458,335.246043074458,33.5246043074458,Medium
305,46,0,320.548543104998,366.548543104998,36.6548543104998,Medium
306,36,0,324.628490213622,360.628490213622,36.0628490213622,Medium
307,38,94,336.120846049717,468.120846049717,46.8120846049717,High
308,53,112,285.180169655145,450.180169655145,45.0180169655145,High
309,38,89,300.139767466859,427.139767466859,42.7139767466859,High
310,54,94,245.232691057357,393.232691057357,39.3232691057357,High
311,41,0,249.610078184846,290.610078184846,29.0610078184846,Low
312,47,0,268.871203727127,315.871203727127,31.5871203727127,Medium
313,46,0,325.831729134396,371.831729134396,37.1831729134396,Medium
314,40,0,273.909294816931,313.909294816931,31.3909294816931,Medium
315,56,0,232.074845052493,288.074845052493,28.8074845052493,Low
316,43,0,233.44252379571,276.44252379571,27.644252379571,Low
317,45,0,198.023238357577,243.023238357577,24.3023238357577,Low
318,45,109,198.154330461053,352.154330461053,35.2154330461053,High
319,43,92,207.647105908789,342.647105908789,34.2647105908789,High
320,51,79,225.89172330951,355.89172330951,35.589172330951,High
321,31,105,234.357369958112,370.357369958112,37.0357369958112,High
322,48,90,287.438449311411,425.438449311411,42.5438449311411,High
323,39,93,327.142090322242,459.142090322242,45.9142090322242,High
324,48,107,316.18147972347,471.18147972347,47.118147972347,High
325,44,0,267.007179435915,311.007179435915,31.1007179435915,Medium
326,47,0,272.503643813725,319.503643813725,31.9503643813725,Medium
327,45,0,248.960092797867,293.960092797867,29.3960092797867,Low
328,36,0,225.392370726492,261.392370726492,26.1392370726492,Low
329,36,0,188.287205428556,224.287205428556,22.4287205428556,Low
330,49,0,151.709148366855,200.709148366855,20.0709148366855,Low
331,36,0,107.080264077899,143.080264077899,14.3080264077899,Low
332,45,0,143.296935412183,188.296935412183,18.8296935412183,Low
333,29,0,107.102394288343,136.102394288343,13.6102394288343,Low
334,40,0,117.138555634195,157.138555634195,15.7138555634195,Low
335,35,0,124.205429506649,159.205429506649,15.9205429506649,Low
336,38,0,127.845277260176,165.845277260176,16.5845277260176,Low
337,44,0,163.135599224406,207.135599224406,20.7135599224406,Low
338,37,0,124.143096041627,161.143096041627,16.1143096041627,Low
339,38,0,134.749015069673,172.749015069673,17.2749015069673,Low
340,41,0,171.960768791851,212.960768791851,21.2960768791851,Low
341,29,0,190.073491904267,219.073491904267,21.9073491904267,Low
342,31,0,214.810982308915,245.810982308915,24.5810982308915,Low
343,44,0,258.914555467886,302.914555467886,30.2914555467886,Medium
344,35,0,236.020984990832,271.020984990832,27.1020984990832,Low
345,41,0,196.914063082356,237.914063082356,23.7914063082356,Low
346,44,0,207.857722977824,251.857722977824,25.1857722977824,Low
347,32,0,150.080218207256,182.080218207256,18.2080218207256,Low
348,40,0,166.166562636899,206.166562636899,20.6166562636899,Low
349,45,0,171.635252852013,216.635252852013,21.6635252852013,Low
350,38,0,161.227376983809,199.227376983809,19.9227376983809,Low
351,37,0,205.25181974296,242.25181974296,24.225181974296,Low
352,41,0,169.384863544473,210.384863544473,21.0384863544473,Low
353,41,0,160.959279637434,201.959279637434,20.1959279637434,Low
354,36,0,135.554945938021,171.554945938021,17.1554945938021,Low
355,43,0,112.780520193551,155.780520193551,15.5780520193551,Low
356,42,0,102.949773844912,144.949773844912,14.4949773844912,Low
357,41,0,190.485993366594,231.485993366594,23.1485993366594,Low
358,42,0,149.101849888964,191.101849888964,19.1101849888964,Low
359,44,0,170.080361863067,214.080361863067,21.4080361863067,Low
360,42,0,180.494031202406,222.494031202406,22.2494031202406,Low
361,40,0,257.570981062348,297.570981062348,29.7570981062348,Medium
362,35,0,236.014049748416,271.014049748416,27.1014049748416,Low
363,42,0,273.704695411224,315.704695411224,31.5704695411224,Medium
364,45,0,252.013060030855,297.013060030855,29.7013060030855,Medium
365,31,0,261.904557745856,292.904557745856,29.2904557745856,Medium
366,29,98,292.552559696757,419.552559696757,41.9552559696757,High
367,34,90,309.299849549016,433.299849549016,43.3299849549016,High
368,45,105,291.659603411546,441.659603411546,44.1659603411546,High
369,44,123,294.409617919279,461.409617919279,46.1409617919279,High
370,31,0,223.444128554131,254.444128554131,25.4444128554131,Low
371,46,0,151.351993681396,197.351993681396,19.7351993681396,Low
372,43,0,164.204930657754,207.204930657754,20.7204930657754,Low
373,34,0,230.76768649655,264.76768649655,26.476768649655,Low
374,42,0,230.186454544886,272.186454544886,27.2186454544886,Low
375,40,0,165.712726513868,205.712726513868,20.5712726513868,Low
376,39,0,179.668255799954,218.668255799954,21.8668255799954,Low
377,27,0,161.064365909369,188.064365909369,18.8064365909369,Low
378,44,0,196.402372102461,240.402372102461,24.0402372102461,Low
379,48,0,230.969614209654,278.969614209654,27.8969614209654,Low
380,35,0,178.870433289475,213.870433289475,21.3870433289475,Low
381,55,0,167.736369970331,222.736369970331,22.2736369970331,Low
382,41,0,206.639290686797,247.639290686797,24.7639290686797,Low
383,56,0,154.221209287455,210.221209287455,21.0221209287455,Low
384,51,0,162.046050326361,213.046050326361,21.3046050326361,Low
385,45,0,164.770532013517,209.770532013517,20.9770532013517,Low
386,53,0,216.877303226298,269.877303226298,26.9877303226298,Low
387,37,0,222.496505614314,259.496505614314,25.9496505614314,Low
388,49,0,268.210828345125,317.210828345125,31.7210828345125,Medium
389,50,0,299.021506683386,349.021506683386,34.9021506683386,Medium
390,42,0,261.593037191928,303.593037191928,30.3593037191928,Medium
391,57,109,262.631037719531,428.631037719531,42.8631037719531,High
392,42,94,242.517282129564,378.517282129564,37.8517282129564,High
393,46,0,214.743146199465,260.743146199465,26.0743146199465,Low
394,42,0,233.983180666203,275.983180666203,27.5983180666203,Low
395,54,0,283.938876448815,337.938876448815,33.7938876448815,Medium
396,48,0,277.152280582146,325.152280582146,32.5152280582146,Medium
397,46,0,321.34341871914,367.34341871914,36.734341871914,Medium
398,47,0,301.954685888274,348.954685888274,34.8954685888274,Medium
399,53,0,274.890258033254,327.890258033254,32.7890258033254,Medium
400,58,0,217.39412229779,275.39412229779,27.539412229779,Low
401,58,0,274.570722485205,332.570722485205,33.2570722485205,Medium
402,45,104,212.200481645091,361.200481645091,36.1200481645091,High
403,48,96,330.95093790141,474.95093790141,47.4950937901409,High
404,52,106,363.232614937056,521.232614937056,52.1232614937056,High
405,75,91,278.973548907034,444.973548907034,44.4973548907034,High
406,52,98,301.325462981341,451.325462981341,45.1325462981341,High
407,54,108,266.26443825282,428.26443825282,42.826443825282,High
408,58,107,244.109238853075,409.109238853075,40.9109238853075,High
409,47,103,167.80478722437,317.80478722437,31.780478722437,High
410,47,90,173.431871963406,310.431871963406,31.0431871963406,High
411,48,100,136.574052728054,284.574052728054,28.4574052728054,High
412,48,97,130.62896014535,275.62896014535,27.562896014535,High
413,63,113,163.322375618349,339.322375618349,33.9322375618349,High
414,49,99,139.378635095658,287.378635095658,28.7378635095658,High
415,58,0,145.462369661126,203.462369661126,20.3462369661126,Low
416,63,0,105.803150964246,168.803150964246,16.8803150964246,Low
417,56,127,165.107932806375,348.107932806375,34.8107932806375,High
418,56,101,131.029620139819,288.029620139819,28.8029620139819,High
419,57,92,110.880365454261,259.880365454261,25.9880365454261,High
420,56,115,129.648254045499,300.648254045499,30.0648254045499,High
421,52,80,130.515128872554,262.515128872554,26.2515128872554,High
422,62,116,136.312242525863,314.312242525863,31.4312242525863,High
423,54,107,153.77007921446,314.77007921446,31.477007921446,High
424,54,135,129.943251182986,318.943251182986,31.8943251182986,High
425,61,114,121.5890486499,296.5890486499,29.65890486499,High
426,46,110,122.674480440807,278.674480440807,27.8674480440807,High
427,56,110,118.951400743492,284.951400743492,28.4951400743492,High
428,70,0,152.224893934458,222.224893934458,22.2224893934458,Low
429,52,0,140.394381838117,192.394381838117,19.2394381838117,Low
430,65,0,184.349583838562,249.349583838562,24.9349583838562,Low
431,66,0,168.106039876641,234.106039876641,23.4106039876641,Low
432,63,101,229.749457556848,393.749457556848,39.3749457556848,High
433,68,0,269.010406294787,337.010406294787,33.7010406294787,Medium
434,53,0,266.344599326983,319.344599326983,31.9344599326983,Medium
435,76,0,227.204372941461,303.204372941461,30.3204372941461,Low
436,53,0,183.360934744186,236.360934744186,23.6360934744186,Low
437,66,0,199.009298013619,265.009298013619,26.5009298013619,Low
438,74,0,181.574508401247,255.574508401247,25.5574508401247,Low
439,60,81,108.985919405553,249.985919405553,24.9985919405553,High
440,79,0,159.982686543536,238.982686543536,23.8982686543536,Low
441,53,0,176.405455402523,229.405455402523,22.9405455402523,Low
442,69,0,211.368814870335,280.368814870335,28.0368814870335,Low
443,65,0,139.529542684137,204.529542684137,20.4529542684137,Low
444,78,0,106.716003700618,184.716003700618,18.4716003700618,Low
445,62,0,158.013057063237,220.013057063237,22.0013057063237,Low
446,61,0,218.661806367385,279.661806367385,27.9661806367385,Low
447,58,0,248.482700650995,306.482700650995,30.6482700650995,Low
448,75,0,222.816842296092,297.816842296092,29.7816842296092,Low
449,59,0,171.006175276342,230.006175276342,23.0006175276342,Low
450,72,0,177.911602458882,249.911602458882,24.9911602458882,Low
451,67,0,163.296450157413,230.296450157413,23.0296450157413,Low
452,57,0,137.988871971897,194.988871971897,19.4988871971897,Low
453,51,0,175.387411148746,226.387411148746,22.6387411148746,Low
454,58,0,192.533643619858,250.533643619858,25.0533643619858,Low
455,47,0,138.145201761262,185.145201761262,18.5145201761262,Low
456,61,0,111.224145429912,172.224145429912,17.2224145429912,Low
457,61,0,149.132715489302,210.132715489302,21.0132715489302,Low
458,72,0,109.201616324868,181.201616324868,18.1201616324868,Low
459,67,0,130.046199706103,197.046199706103,19.7046199706103,Low
460,67,0,135.639276012029,202.639276012029,20.2639276012029,Low
461,71,0,140.617543880648,211.617543880648,21.1617543880648,Low
462,59,0,117.306254200144,176.306254200144,17.6306254200144,Low
463,56,0,112.890872639162,168.890872639162,16.8890872639162,Low
464,56,0,118.820351279892,174.820351279892,17.4820351279892,Low
465,45,90,120.446560072379,255.446560072379,25.5446560072379,High
466,57,97,117.321194705745,271.321194705745,27.1321194705745,High
467,58,112,123.876937903659,293.876937903659,29.3876937903659,High
468,50,0,146.834690870387,196.834690870387,19.6834690870387,Low
469,68,97,191.434816120799,356.434816120799,35.6434816120799,High
470,69,92,232.856866169565,393.856866169565,39.3856866169565,High
471,61,105,165.307994571111,331.307994571111,33.1307994571111,High
472,68,117,137.370808369061,322.370808369061,32.2370808369061,High
473,63,0,142.801660293671,205.801660293671,20.5801660293671,Low
474,60,0,173.565594367763,233.565594367763,23.3565594367763,Low
475,66,0,219.160940590785,285.160940590785,28.5160940590785,Low
476,44,0,194.001460023836,238.001460023836,23.8001460023836,Low
477,71,0,247.815044611007,318.815044611007,31.8815044611007,Low
478,59,0,227.579907626993,286.579907626993,28.6579907626992,Low
479,47,0,222.083473149041,269.083473149041,26.9083473149041,Low
480,61,0,178.070389022745,239.070389022745,23.9070389022745,Low
481,62,0,198.90184450844,260.90184450844,26.090184450844,Low
482,54,0,172.876081899067,226.876081899067,22.6876081899067,Low
483,49,0,145.696648920573,194.696648920573,19.4696648920573,Low
484,59,0,116.671824498276,175.671824498276,17.5671824498276,Low
485,59,0,104.703988115157,163.703988115157,16.3703988115157,Low
486,68,0,108.535818439144,176.535818439144,17.6535818439144,Low
487,67,0,146.470000090164,213.470000090164,21.3470000090164,Low
488,58,0,216.731962479984,274.731962479984,27.4731962479984,Low
489,48,0,256.920702029637,304.920702029637,30.4920702029637,Medium
490,53,0,190.877840700498,243.877840700498,24.3877840700498,Low
491,39,0,171.523984614752,210.523984614752,21.0523984614752,Low
492,68,0,172.816588438585,240.816588438585,24.0816588438585,Low
493,55,92,122.479278535836,269.479278535836,26.9479278535836,High
494,51,111,100,262,26.2,High
495,45,91,163.619184949446,299.619184949446,29.9619184949447,High
496,61,114,104.524587402987,279.524587402987,27.9524587402987,High
497,44,75,127.773060334737,246.773060334737,24.6773060334737,High
498,45,95,167.154336499682,307.154336499682,30.7154336499682,High
499,47,92,176.541125597755,315.541125597755,31.5541125597755,High
500,52,91,127.60572824523,270.60572824523,27.060572824523,High
501,52,94,178.1531582198,324.1531582198,32.41531582198,High
502,37,101,251.512026763766,389.512026763766,38.9512026763766,High
503,45,86,236.035034703023,367.035034703023,36.7035034703023,High
504,53,108,235.455309837762,396.455309837762,39.6455309837762,High
505,57,117,178.750924310104,352.750924310104,35.2750924310104,High
506,37,0,135.743117737887,172.743117737887,17.2743117737887,Low
507,49,0,110.790270652722,159.790270652722,15.9790270652722,Low
508,45,0,105.051423760661,150.051423760661,15.0051423760661,Low
509,52,0,107.836778708687,159.836778708687,15.9836778708687,Low
510,44,0,119.011834291222,163.011834291222,16.3011834291222,Low
511,46,0,102.918581704302,148.918581704302,14.8918581704302,Low
512,43,118,134.236786369053,295.236786369053,29.5236786369053,High
513,52,143,115.282642789421,310.282642789421,31.0282642789421,High
514,39,104,127.683378385168,270.683378385168,27.0683378385168,High
515,39,0,162.640982616175,201.640982616175,20.1640982616175,Low
516,42,0,114.255795430974,156.255795430974,15.6255795430974,Low
517,46,0,105.933103034788,151.933103034788,15.1933103034788,Low
518,37,0,106.02784681344,143.02784681344,14.302784681344,Low
519,47,0,138.781551953794,185.781551953794,18.5781551953794,Low
520,53,0,144.040028644114,197.040028644114,19.7040028644114,Low
521,42,0,144.192255003506,186.192255003506,18.6192255003506,Low
522,38,0,201.082320995941,239.082320995941,23.9082320995941,Low
523,51,0,217.623515912237,268.623515912237,26.8623515912237,Low
524,46,0,209.322284899745,255.322284899745,25.5322284899745,Low
525,43,0,218.231292446719,261.231292446719,26.1231292446719,Low
526,24,0,173.112549241826,197.112549241826,19.7112549241826,Low
527,40,0,161.532785377601,201.532785377601,20.1532785377601,Low
528,44,0,136.644235281294,180.644235281294,18.0644235281294,Low
529,34,117,149.9942017716,300.9942017716,30.09942017716,High
530,30,78,164.768588223546,272.768588223546,27.2768588223547,High
531,39,77,139.969815470506,255.969815470506,25.5969815470506,High
532,30,104,138.148035286875,272.148035286875,27.2148035286875,High
533,37,132,141.078571612073,310.078571612073,31.0078571612073,High
534,40,67,136.233483618254,243.233483618254,24.3233483618254,High
535,30,115,132.648728216678,277.648728216678,27.7648728216678,High
536,46,89,149.160627738557,284.160627738557,28.4160627738557,High
537,47,81,167.632569465895,295.632569465895,29.5632569465895,High
538,46,103,118.222417801825,267.222417801825,26.7222417801825,High
539,42,94,111.165037934201,247.165037934201,24.7165037934201,High
540,40,104,119.085821575583,263.085821575583,26.3085821575583,High
541,42,122,102.213119766115,266.213119766115,26.6213119766115,High
542,33,115,114.280181625474,262.280181625474,26.2280181625474,High
543,38,130,104.089663050417,272.089663050417,27.2089663050417,High
544,48,123,117.437477541304,288.437477541304,28.8437477541304,High
545,45,88,145.371467846211,278.371467846211,27.8371467846211,High
546,53,0,116.432900097729,169.432900097729,16.9432900097729,Low
547,34,90,141.074597663961,265.074597663961,26.5074597663961,High
548,40,103,153.558103361054,296.558103361054,29.6558103361054,High
549,31,127,119.054291416906,277.054291416906,27.7054291416906,High
550,31,0,105.259939729537,136.259939729537,13.6259939729537,Low
551,30,77,145.432842603197,252.432842603197,25.2432842603197,High
552,40,108,126.806280108338,274.806280108338,27.4806280108338,High
553,33,93,134.993713222295,260.993713222295,26.0993713222295,High
554,27,0,111.529829277727,138.529829277727,13.8529829277727,Low
555,44,0,123.345316334894,167.345316334894,16.7345316334894,Low
556,53,0,129.64002224492,182.64002224492,18.264002224492,Low
557,39,105,122.371931915589,266.371931915589,26.6371931915589,High
558,34,0,112.959451234774,146.959451234774,14.6959451234774,Low
559,34,0,151.950000756358,185.950000756358,18.5950000756358,Low
560,31,0,108.236570851732,139.236570851732,13.9236570851732,Low
561,47,109,126.845341241102,282.845341241102,28.2845341241102,High
562,62,0,109.810686022899,171.810686022899,17.1810686022899,Low
563,30,0,103.37548856569,133.37548856569,13.337548856569,Low
564,40,0,126.426199748745,166.426199748745,16.6426199748745,Low
565,26,0,174.406698554779,200.406698554779,20.040669855478,Low
566,44,116,143.49711614321,303.49711614321,30.349711614321,High
567,29,106,144.610112923966,279.610112923966,27.9610112923966,High
568,24,0,191.337662047179,215.337662047179,21.5337662047179,Low
569,40,0,192.599018416771,232.599018416771,23.2599018416771,Low
570,43,89,150.347906499471,282.347906499471,28.2347906499471,High
571,40,107,177.681539321265,324.681539321265,32.4681539321265,High
572,47,0,155.869069241279,202.869069241279,20.2869069241279,Low
573,45,0,166.843762434287,211.843762434287,21.1843762434287,Low
574,40,0,189.475573794399,229.475573794399,22.9475573794399,Low
575,40,0,182.936281055072,222.936281055072,22.2936281055072,Low
576,43,0,194.920461041711,237.920461041711,23.7920461041711,Low
577,49,0,259.232948639999,308.232948639999,30.8232948639999,Medium
578,46,0,231.228339642101,277.228339642101,27.7228339642101,Low
579,43,0,272.923440719853,315.923440719853,31.5923440719853,Medium
580,40,0,310.046361892737,350.046361892737,35.0046361892737,Medium
581,39,0,246.499240007904,285.499240007904,28.5499240007904,Low
582,49,102,265.971729016813,416.971729016813,41.6971729016813,High
583,49,99,258.668689127974,406.668689127974,40.6668689127974,High
584,36,92,208.217907000821,336.217907000821,33.6217907000821,High
585,53,0,207.41683792461,260.41683792461,26.041683792461,Low
586,61,0,236.816696275074,297.816696275074,29.7816696275074,Low
587,43,0,240.185097165047,283.185097165047,28.3185097165047,Low
588,42,0,322.742071395834,364.742071395834,36.4742071395834,Medium
589,47,0,339.393913725645,386.393913725645,38.6393913725645,Medium
590,47,0,288.906646987709,335.906646987709,33.5906646987709,Medium
591,41,0,330.422373437234,371.422373437234,37.1422373437234,Medium
592,49,0,336.253020110715,385.253020110715,38.5253020110715,Medium
593,46,0,246.739987430815,292.739987430815,29.2739987430815,Low
594,47,0,283.71892549618,330.71892549618,33.071892549618,Medium
595,52,0,246.658844158277,298.658844158277,29.8658844158277,Low
596,45,0,350.532937615767,395.532937615767,39.5532937615767,Medium
597,42,0,352.868289773797,394.868289773797,39.4868289773797,Medium
598,48,0,205.213107018486,253.213107018486,25.3213107018486,Low
599,60,0,247.091229571633,307.091229571633,30.7091229571633,Low
600,39,0,206.693668863453,245.693668863453,24.5693668863453,Low
601,55,0,223.169710481356,278.169710481356,27.8169710481356,Low
602,41,0,200.777367842883,241.777367842883,24.1777367842883,Low
603,41,0,181.273950089247,222.273950089247,22.2273950089247,Low
604,60,0,153.560921181958,213.560921181958,21.3560921181958,Low
605,42,0,183.769202190817,225.769202190817,22.5769202190817,Low
606,52,0,154.854632784994,206.854632784994,20.6854632784994,Low
607,48,95,212.233748516116,355.233748516116,35.5233748516116,High
608,69,80,254.840607311442,403.840607311442,40.3840607311442,High
609,55,99,251.748075729675,405.748075729675,40.5748075729675,High
610,49,109,176.726720678148,334.726720678148,33.4726720678148,High
611,42,0,216.819490215118,258.819490215118,25.8819490215118,Low
612,48,0,305.751265815914,353.751265815914,35.3751265815914,Medium
613,44,0,303.057323260661,347.057323260661,34.7057323260661,Medium
614,58,0,192.855478093631,250.855478093631,25.0855478093631,Low
615,53,0,202.850507912995,255.850507912995,25.5850507912995,Low
616,53,129,217.756376618393,399.756376618393,39.9756376618393,High
617,49,112,119.40775331131,280.40775331131,28.040775331131,High
618,58,0,150.963972640354,208.963972640354,20.8963972640354,Low
619,46,0,165.369297633414,211.369297633414,21.1369297633414,Low
620,50,123,154.851146965456,327.851146965456,32.7851146965456,High
621,56,127,134.594286611892,317.594286611892,31.7594286611892,High
622,51,108,103.695939994698,262.695939994698,26.2695939994698,High
623,62,106,112.090087706335,280.090087706335,28.0090087706335,High
624,39,0,129.95730064262,168.95730064262,16.895730064262,Low
625,72,0,158.839879801505,230.839879801505,23.0839879801505,Low
626,61,135,136.457469110541,332.457469110541,33.2457469110541,High
627,63,114,151.632608337554,328.632608337554,32.8632608337554,High
628,63,103,156.957031291531,322.957031291531,32.2957031291531,High
629,71,111,177.648148650468,359.648148650468,35.9648148650468,High
630,51,71,123.756951629672,245.756951629672,24.5756951629672,High
631,76,115,127.533678879903,318.533678879903,31.8533678879903,High
632,60,105,123.061567105308,288.061567105308,28.8061567105308,High
633,56,0,107.472705529605,163.472705529605,16.3472705529605,Low
634,70,0,135.726223544368,205.726223544368,20.5726223544368,Low
635,58,0,135.053804807786,193.053804807786,19.3053804807786,Low
636,46,0,182.454965698166,228.454965698166,22.8454965698166,Low
637,73,0,251.877806489173,324.877806489173,32.4877806489173,Medium
638,65,0,243.536007027553,308.536007027553,30.8536007027553,Low
639,56,0,219.521736524475,275.521736524475,27.5521736524475,Low
640,62,0,181.764606539631,243.764606539631,24.3764606539631,Low
641,59,0,213.628939954198,272.628939954198,27.2628939954198,Low
642,67,0,174.096504803809,241.096504803809,24.1096504803809,Low
643,52,0,168.857439083072,220.857439083072,22.0857439083072,Low
644,67,68,159.681744282361,294.681744282361,29.4681744282361,High
645,75,119,168.152693495184,362.152693495184,36.2152693495184,High
646,62,100,179.751143302646,341.751143302646,34.1751143302646,High
647,69,86,168.60063141641,323.60063141641,32.360063141641,High
648,79,90,102.53547090488,271.53547090488,27.153547090488,High
649,68,95,101.616669605355,264.616669605355,26.4616669605355,High
650,78,95,127.641868885675,300.641868885675,30.0641868885675,High
651,73,112,144.191275244214,329.191275244214,32.9191275244214,High
652,60,96,186.619417387905,342.619417387905,34.2619417387905,High
653,58,82,184.091672301597,324.091672301597,32.4091672301597,High
654,76,83,147.112896249554,306.112896249554,30.6112896249554,High
655,59,0,155.309225963537,214.309225963537,21.4309225963537,Low
656,75,0,126.910519982866,201.910519982866,20.1910519982866,Low
657,75,0,130.343516088061,205.343516088061,20.5343516088061,Low
658,64,0,195.902295418028,259.902295418028,25.9902295418028,Low
659,62,111,182.085483346053,355.085483346053,35.5085483346053,High
660,58,0,248.838137468155,306.838137468155,30.6838137468155,Low
661,58,0,222.62102980672,280.62102980672,28.062102980672,Low
662,59,0,236.973693567024,295.973693567024,29.5973693567025,Low
663,60,0,213.394097169543,273.394097169543,27.3394097169543,Low
664,65,0,244.547612276335,309.547612276335,30.9547612276335,Low
665,69,91,293.91915370807,453.91915370807,45.391915370807,High
666,49,90,260.947772377345,399.947772377345,39.9947772377345,High
667,67,102,287.12494316788,456.12494316788,45.612494316788,High
668,62,109,235.806183314723,406.806183314723,40.6806183314723,High
669,70,94,211.911508263308,375.911508263308,37.5911508263308,High
670,56,112,202.935275187568,370.935275187568,37.0935275187568,High
671,56,119,167.24290203961,342.24290203961,34.224290203961,High
672,75,112,105.238099631941,292.238099631941,29.2238099631941,High
673,61,0,107.0506901826,168.0506901826,16.80506901826,Low
674,60,0,115.28781789052,175.28781789052,17.528781789052,Low
675,64,0,120.450258654369,184.450258654369,18.4450258654369,Low
676,54,0,135.993738319687,189.993738319687,18.9993738319687,Low
677,48,0,164.701399938952,212.701399938952,21.2701399938952,Low
678,51,0,189.148493957178,240.148493957178,24.0148493957178,Low
679,56,85,183.420271894691,324.420271894691,32.4420271894691,High
680,62,0,199.927851416954,261.927851416954,26.1927851416954,Low
681,53,0,168.39346944789,221.39346944789,22.139346944789,Low
682,66,89,162.906978565166,317.906978565166,31.7906978565166,High
683,77,113,113.596433756104,303.596433756104,30.3596433756104,High
684,54,115,136.572236235106,305.572236235106,30.5572236235106,High
685,53,101,106.925683627809,260.925683627809,26.0925683627809,High
686,73,109,124.594200818786,306.594200818786,30.6594200818786,High
687,49,140,177.17318099456,366.17318099456,36.617318099456,High
688,49,0,159.647492041587,208.647492041587,20.8647492041587,Low
689,51,0,158.643657373587,209.643657373587,20.9643657373587,Low
690,63,122,109.99102169168,294.99102169168,29.499102169168,High
691,47,109,187.500434995449,343.500434995449,34.3500434995449,High
692,61,0,168.11437886765,229.11437886765,22.911437886765,Low
693,51,0,207.149730694188,258.149730694188,25.8149730694188,Low
694,44,0,163.102541310512,207.102541310512,20.7102541310512,Low
695,56,0,182.765579491054,238.765579491054,23.8765579491054,Low
696,51,0,162.32250271151,213.32250271151,21.332250271151,Low
697,44,0,157.877722542241,201.877722542241,20.1877722542241,Low
698,54,0,157.525584453568,211.525584453568,21.1525584453568,Low
699,46,0,197.65691849107,243.65691849107,24.365691849107,Low
700,40,0,189.361813093818,229.361813093818,22.9361813093818,Low
701,52,0,163.594364385164,215.594364385164,21.5594364385164,Low
702,48,0,152.816276229671,200.816276229671,20.0816276229671,Low
703,55,0,113.484417830923,168.484417830923,16.8484417830923,Low
704,43,0,102.922874679129,145.922874679129,14.5922874679129,Low
705,44,0,128.847070289671,172.847070289671,17.2847070289671,Low
706,69,0,132.344313445889,201.344313445889,20.1344313445889,Low
707,49,0,148.622870594616,197.622870594616,19.7622870594616,Low
708,56,0,127.95695688899,183.95695688899,18.395695688899,Low
709,51,94,122.462233768595,267.462233768595,26.7462233768595,High
710,46,70,105.038384301035,221.038384301035,22.1038384301035,High
711,41,0,118.820638463767,159.820638463767,15.9820638463767,Low
712,41,0,121.565006898825,162.565006898825,16.2565006898825,Low
713,40,120,140.300281031639,300.300281031639,30.0300281031639,High
714,52,94,197.571700490453,343.571700490452,34.3571700490453,High
715,38,80,218.163369068603,336.163369068603,33.6163369068603,High
716,48,80,164.079604165751,292.079604165751,29.2079604165751,High
717,55,0,204.995983821765,259.995983821765,25.9995983821765,Low
718,41,0,165.906896853716,206.906896853716,20.6906896853716,Low
719,40,0,220.962967670449,260.962967670449,26.0962967670449,Low
720,47,0,207.406345686945,254.406345686945,25.4406345686945,Low
721,50,0,200.534461101374,250.534461101374,25.0534461101374,Low
722,44,0,146.57552833431,190.57552833431,19.057552833431,Low
723,41,0,167.879754986947,208.879754986947,20.8879754986947,Low
724,53,0,185.538690644878,238.538690644878,23.8538690644878,Low
725,47,0,191.744325340462,238.744325340462,23.8744325340462,Low
726,49,0,176.550853393477,225.550853393477,22.5550853393477,Low
727,40,0,166.01753261308,206.01753261308,20.601753261308,Low
728,54,0,167.433139991522,221.433139991522,22.1433139991522,Low
729,39,0,208.882602947169,247.882602947169,24.7882602947169,Low
730,49,0,204.721600406199,253.721600406199,25.3721600406199,Low
731,46,123,272.286791348408,441.286791348408,44.1286791348408,High
732,44,105,264.106770858584,413.106770858584,41.3106770858584,High
733,32,69,257.236417988563,358.236417988563,35.8236417988563,High
734,42,88,280.441499760807,410.441499760807,41.0441499760807,High
735,42,107,303.469942118953,452.469942118953,45.2469942118953,High
736,47,76,285.63091006774,408.63091006774,40.863091006774,High
737,36,104,254.967373090827,394.967373090827,39.4967373090827,High
738,36,90,263.469461231728,389.469461231728,38.9469461231728,High
739,37,119,253.471065179487,409.471065179487,40.9471065179487,High
740,30,107,221.00660392431,358.00660392431,35.800660392431,High
741,28,83,233.219099584347,344.219099584347,34.4219099584347,High
742,32,0,223.506965458569,255.506965458569,25.5506965458569,Low
743,48,0,193.5385045223,241.5385045223,24.15385045223,Low
744,44,0,194.934679272894,238.934679272894,23.8934679272894,Low
745,36,0,225.40225720495,261.40225720495,26.140225720495,Low
746,27,0,231.1876665389,258.1876665389,25.81876665389,Low
747,30,0,277.040299129534,307.040299129534,30.7040299129534,Medium
748,44,0,262.564477101789,306.564477101789,30.6564477101789,Medium
749,42,0,360.027572026209,402.027572026209,40.2027572026209,Medium
750,33,0,302.257336824523,335.257336824523,33.5257336824523,Medium
751,33,0,221.291320104117,254.291320104117,25.4291320104117,Low
752,32,0,173.511596450833,205.511596450833,20.5511596450833,Low
753,38,0,173.308699296032,211.308699296032,21.1308699296032,Low
754,39,0,171.845333359871,210.845333359871,21.0845333359871,Low
755,35,0,188.369233594865,223.369233594865,22.3369233594865,Low
756,41,0,153.237171611607,194.237171611607,19.4237171611607,Low
757,44,0,168.316751512097,212.316751512097,21.2316751512097,Low
758,41,0,221.79246704633,262.79246704633,26.279246704633,Low
759,39,0,207.970519129879,246.970519129879,24.6970519129879,Low
760,28,0,149.74024214022,177.74024214022,17.774024214022,Low
761,42,0,183.537926185324,225.537926185324,22.5537926185324,Low
762,23,0,212.179578770719,235.179578770719,23.5179578770719,Low
763,41,0,163.299942727067,204.299942727067,20.4299942727067,Low
764,35,0,153.971907997686,188.971907997686,18.8971907997686,Low
765,29,0,114.960177450271,143.960177450271,14.3960177450271,Low
766,37,0,111.95343594167,148.95343594167,14.895343594167,Low
767,42,0,119.35658732706,161.35658732706,16.135658732706,Low
768,37,0,146.248876364828,183.248876364828,18.3248876364828,Low
769,49,0,164.810823925282,213.810823925282,21.3810823925282,Low
770,42,73,117.564364436239,232.564364436239,23.2564364436239,High
771,33,110,105.001574473335,248.001574473335,24.8001574473335,High
772,32,106,117.892337157923,255.892337157923,25.5892337157923,High
773,59,0,136.705503111235,195.705503111235,19.5705503111235,Low
774,45,0,117.67563448289,162.67563448289,16.267563448289,Low
775,37,0,116.470319393655,153.470319393655,15.3470319393655,Low
776,35,0,133.239242390325,168.239242390325,16.8239242390325,Low
777,42,90,127.810691401281,259.810691401281,25.9810691401281,High
778,44,125,139.498717163842,308.498717163842,30.8498717163842,High
779,30,0,140.507556908335,170.507556908335,17.0507556908335,Low
780,39,0,170.905573165721,209.905573165721,20.9905573165721,Low
781,43,0,202.700279512909,245.700279512909,24.5700279512909,Low
782,43,0,223.297695202898,266.297695202898,26.6297695202898,Low
783,43,0,127.956942305742,170.956942305742,17.0956942305742,Low
784,37,0,106.462610423448,143.462610423448,14.3462610423448,Low
785,37,0,160.004614899464,197.004614899464,19.7004614899464,Low
786,48,0,172.49932618369,220.49932618369,22.0499326183689,Low
787,52,0,173.469599542392,225.469599542392,22.5469599542392,Low
788,37,87,221.632057775956,345.632057775956,34.5632057775956,High
789,45,88,291.382410143525,424.382410143525,42.4382410143525,High
790,57,0,269.697584711164,326.697584711164,32.6697584711164,Medium
791,44,0,230.208830338025,274.208830338025,27.4208830338025,Low
792,48,0,205.887125429141,253.887125429141,25.3887125429141,Low
793,53,102,210.949657674154,365.949657674154,36.5949657674154,High
794,70,104,153.713812168641,327.713812168641,32.7713812168641,High
795,58,105,134.262768794791,297.262768794791,29.7262768794791,High
796,43,128,120.363606727802,291.363606727802,29.1363606727802,High
797,42,93,173.567518502624,308.567518502624,30.8567518502624,High
798,45,94,138.602819646554,277.602819646554,27.7602819646554,High
799,37,0,105.173108107564,142.173108107564,14.2173108107564,Low
800,43,0,145.416453617181,188.416453617181,18.8416453617181,Low
801,44,103,132.977379249367,279.977379249367,27.9977379249367,High
802,45,120,112.487786707577,277.487786707577,27.7487786707577,High
803,53,123,137.425595966219,313.425595966219,31.3425595966219,High
804,47,0,126.332474583999,173.332474583999,17.3332474583999,Low
805,43,101,120.070047730205,264.070047730205,26.4070047730205,High
806,48,0,102.543893933889,150.543893933889,15.0543893933889,Low
807,53,0,102.127152977331,155.127152977331,15.5127152977331,Low
808,46,106,114.003128065003,266.003128065003,26.6003128065003,High
809,51,83,104.467331952596,238.467331952596,23.8467331952596,High
810,55,125,105.610514585336,285.610514585336,28.5610514585336,High
811,46,95,130.295495764344,271.295495764344,27.1295495764344,High
812,48,0,168.674287738957,216.674287738957,21.6674287738957,Low
813,57,0,207.31301654555,264.31301654555,26.431301654555,Low
814,52,0,230.608529321203,282.608529321203,28.2608529321204,Low
815,34,0,260.23409256856,294.23409256856,29.423409256856,Medium
816,57,0,215.076216698793,272.076216698793,27.2076216698793,Low
817,58,109,237.812653826763,404.812653826763,40.4812653826763,High
818,56,122,236.27620411001,414.27620411001,41.427620411001,High
819,53,0,222.236995201599,275.236995201599,27.5236995201599,Low
820,58,0,225.996624459714,283.996624459714,28.3996624459714,Low
821,33,0,280.884832839231,313.884832839231,31.3884832839231,Medium
822,48,0,250.185186694495,298.185186694495,29.8185186694495,Medium
823,49,0,241.066248044007,290.066248044007,29.0066248044007,Low
824,61,0,236.155914684017,297.155914684017,29.7155914684017,Low
825,63,0,240.302654457473,303.302654457474,30.3302654457474,Low
826,71,0,295.680176930621,366.680176930621,36.668017693062,Medium
827,62,0,275.110680548706,337.110680548706,33.7110680548706,Medium
828,44,0,280.725881502612,324.725881502612,32.4725881502612,Medium
829,54,0,289.407660947451,343.407660947451,34.3407660947451,Medium
830,71,0,234.213758619886,305.213758619886,30.5213758619886,Low
831,64,0,254.409256352674,318.409256352674,31.8409256352674,Medium
832,62,0,238.758088497767,300.758088497767,30.0758088497767,Low
833,59,0,250.998171787497,309.998171787497,30.9998171787497,Medium
834,65,0,152.058791864184,217.058791864184,21.7058791864184,Low
835,61,0,125.482727815851,186.482727815851,18.6482727815851,Low
836,60,0,111.13764944175,171.13764944175,17.113764944175,Low
837,70,0,142.131168631251,212.131168631251,21.2131168631251,Low
838,67,0,115.358139357472,182.358139357472,18.2358139357472,Low
839,65,0,166.456997146909,231.456997146909,23.1456997146909,Low
840,60,0,176.163752568891,236.163752568891,23.6163752568891,Low
841,65,0,136.966385145511,201.966385145511,20.1966385145511,Low
842,65,0,101.652594006376,166.652594006376,16.6652594006376,Low
843,66,0,103.177514701262,169.177514701262,16.9177514701262,Low
844,75,0,159.688729445278,234.688729445278,23.4688729445278,Low
845,61,0,139.270161372206,200.270161372206,20.0270161372206,Low
846,60,0,125.993224038161,185.993224038161,18.5993224038161,Low
847,81,0,202.369818558813,283.369818558813,28.3369818558813,Low
848,60,126,371.542453362543,557.542453362543,55.7542453362543,High
849,74,0,257.162401248975,331.162401248975,33.1162401248975,Medium
850,58,0,293.516077186636,351.516077186636,35.1516077186636,Medium
851,62,0,225.060560074408,287.060560074408,28.7060560074408,Low
852,74,0,221.835640698799,295.835640698799,29.5835640698799,Low
853,62,0,219.162531552591,281.162531552591,28.1162531552591,Low
854,71,0,181.340572642936,252.340572642936,25.2340572642936,Low
855,73,0,205.604557269131,278.604557269131,27.8604557269131,Low
856,70,0,248.766514907339,318.766514907339,31.8766514907339,Low
857,54,0,268.978878263525,322.978878263525,32.2978878263525,Medium
858,57,0,251.742278319329,308.742278319329,30.8742278319329,Medium
859,73,0,282.672890163197,355.672890163197,35.5672890163197,Medium
860,65,0,259.410291243526,324.410291243526,32.4410291243526,Medium
861,74,124,271.74890085521,469.74890085521,46.974890085521,High
862,60,104,284.706384707941,448.706384707941,44.8706384707941,High
863,58,110,226.351475610178,394.351475610178,39.4351475610178,High
864,62,106,191.852134956445,359.852134956445,35.9852134956445,High
865,59,104,153.056024717348,316.056024717348,31.6056024717348,High
866,75,0,216.228593847533,291.228593847533,29.1228593847533,Low
867,70,0,228.622066699051,298.622066699051,29.8622066699051,Low
868,61,104,236.437547018238,401.437547018238,40.1437547018238,High
869,51,106,265.478592887083,422.478592887083,42.2478592887083,High
870,58,85,223.747587670263,366.747587670263,36.6747587670263,High
871,60,83,221.082187861998,364.082187861998,36.4082187861998,High
872,49,0,231.574232878364,280.574232878364,28.0574232878364,Low
873,57,0,267.896227067094,324.896227067094,32.4896227067094,Medium
874,46,110,304.564501957335,460.564501957335,46.0564501957335,High
875,62,119,270.913302594572,451.913302594572,45.1913302594572,High
876,59,107,281.464600277063,447.464600277063,44.7464600277063,High
877,49,99,259.707691983862,407.707691983862,40.7707691983862,High
878,66,66,238.612415771541,370.612415771541,37.0612415771541,High
879,55,75,228.277953054171,358.277953054171,35.8277953054171,High
880,59,116,199.679977392991,374.679977392991,37.4679977392991,High
881,69,104,222.519920056073,395.519920056073,39.5519920056073,High
882,55,101,233.028104140803,389.028104140804,38.9028104140803,High
883,50,93,176.645202672606,319.645202672606,31.9645202672606,High
884,55,104,169.25162007719,328.25162007719,32.825162007719,High
885,48,99,104.320531022614,251.320531022614,25.1320531022614,High
886,53,101,130.228025680949,284.228025680949,28.4228025680949,High
887,51,99,102.026813100986,252.026813100986,25.2026813100986,High
888,45,97,138.329242523382,280.329242523382,28.0329242523382,High
889,57,99,121.684426221628,277.684426221628,27.7684426221628,High
890,44,84,151.780780614456,279.780780614456,27.9780780614456,High
891,52,107,123.312921531392,282.312921531392,28.2312921531392,High
892,59,126,183.035491755199,368.035491755199,36.8035491755199,High
893,60,110,190.926773089052,360.926773089052,36.0926773089052,High
894,66,121,109.737114535943,296.737114535943,29.6737114535943,High
895,55,108,131.946465011495,294.946465011495,29.4946465011495,High
896,41,90,157.499748901916,288.499748901916,28.8499748901916,High
897,55,106,110.150398395491,271.150398395491,27.1150398395491,High
898,46,0,135.836025356493,181.836025356493,18.1836025356493,Low
899,44,0,118.084891239732,162.084891239732,16.2084891239732,Low
900,64,0,147.942173293672,211.942173293672,21.1942173293672,Low
901,38,0,106.695129282249,144.695129282249,14.469512928225,Low
902,58,0,100.84018251159,158.84018251159,15.884018251159,Low
903,52,89,139.415413753433,280.415413753433,28.0415413753433,High
904,53,88,158.198690111568,299.198690111568,29.9198690111568,High
905,46,91,146.727656211515,283.727656211515,28.3727656211515,High
906,55,97,187.854481469318,339.854481469318,33.9854481469318,High
907,48,0,204.711276006859,252.711276006859,25.2711276006859,Low
908,51,0,208.048587905218,259.048587905218,25.9048587905218,Low
909,48,0,219.959301776015,267.959301776015,26.7959301776015,Low
910,54,0,183.229218331454,237.229218331454,23.7229218331454,Low
911,49,101,104.199418421591,254.199418421591,25.4199418421591,High
912,35,135,142.259378714853,312.259378714853,31.2259378714853,High
913,51,91,184.50632193237,326.50632193237,32.650632193237,High
914,44,107,156.808608962098,307.808608962098,30.7808608962098,High
915,40,102,120.493566146871,262.493566146871,26.2493566146871,High
916,53,99,135.622469917689,287.622469917689,28.7622469917689,High
917,42,99,208.25300348971,349.25300348971,34.925300348971,High
918,58,87,154.502069080821,299.502069080821,29.9502069080821,High
919,47,115,188.359736993006,350.359736993006,35.0359736993006,High
920,48,83,156.503939648789,287.503939648789,28.7503939648789,High
921,37,113,210.344622556567,360.344622556567,36.0344622556567,High
922,44,119,260.046254236857,423.046254236857,42.3046254236857,High
923,34,108,186.7747028619,328.7747028619,32.87747028619,High
924,45,106,211.79909960501,362.79909960501,36.279909960501,High
925,37,0,227.279218365745,264.279218365745,26.4279218365745,Low
926,53,0,184.073227487216,237.073227487216,23.7073227487216,Low
927,51,0,177.950671766445,228.950671766445,22.8950671766445,Low
928,43,0,185.8859857721,228.8859857721,22.88859857721,Low
929,39,0,142.657383298561,181.657383298561,18.1657383298561,Low
930,47,0,136.880370025052,183.880370025052,18.3880370025052,Low
931,49,0,207.428461313772,256.428461313772,25.6428461313772,Low
932,43,92,177.827453070442,312.827453070442,31.2827453070442,High
933,45,0,273.184017660435,318.184017660435,31.8184017660435,Medium
934,52,0,360.734020028562,412.734020028562,41.2734020028562,Medium
935,41,0,355.59863847619,396.59863847619,39.659863847619,Medium
936,39,0,348.258687030884,387.258687030884,38.7258687030884,Medium
937,42,0,386.798068860469,428.798068860469,42.8798068860469,Medium
938,40,0,392.12360105264,432.12360105264,43.212360105264,Medium
939,42,0,363.034391836069,405.034391836069,40.5034391836069,Medium
940,34,0,369.149312225081,403.149312225081,40.3149312225081,Medium
941,32,116,393.373210730073,541.373210730073,54.1373210730073,High
942,44,0,429.019740609642,473.019740609642,47.3019740609642,Medium
943,44,0,483.956037894396,527.956037894396,52.7956037894396,Medium
944,49,0,478.899562206799,527.899562206799,52.7899562206799,Medium
945,28,0,500,528,52.8,Medium
946,31,0,418.692668356613,449.692668356613,44.9692668356613,Medium
947,39,0,363.53066325394,402.53066325394,40.253066325394,Medium
948,37,0,364.821862475199,401.821862475199,40.1821862475199,Medium
949,26,109,309.592456422004,444.592456422004,44.4592456422004,High
950,32,125,252.283157810817,409.283157810817,40.9283157810817,High
951,34,89,241.290076385902,364.290076385902,36.4290076385902,High
952,41,93,238.42992983371,372.42992983371,37.242992983371,High
953,34,101,206.090669058133,341.090669058133,34.1090669058133,High
954,36,102,236.886106777641,374.886106777641,37.4886106777641,High
955,26,97,287.272405100547,410.272405100547,41.0272405100547,High
956,37,113,318.607608701506,468.607608701506,46.8607608701506,High
957,34,85,360.352686291199,479.352686291199,47.9352686291199,High
958,34,98,326.509333435753,458.509333435753,45.8509333435753,High
959,32,90,291.559921444174,413.559921444174,41.3559921444173,High
960,43,112,319.936634377292,474.936634377292,47.4936634377292,High
961,61,123,333.905586663726,517.905586663726,51.7905586663726,High
962,40,108,333.492300099902,481.492300099902,48.1492300099902,High
963,35,73,315.705066167242,423.705066167242,42.3705066167242,High
964,44,73,280.156717442306,397.156717442306,39.7156717442306,High
965,33,90,274.258933223196,397.258933223196,39.7258933223196,High
966,49,90,315.011192568177,454.011192568177,45.4011192568177,High
967,35,89,295.431008214068,419.431008214068,41.9431008214068,High
968,30,129,330.194158514631,489.194158514631,48.9194158514631,High
969,40,92,298.950052561939,430.950052561939,43.0950052561939,High
970,28,104,318.161005821461,450.161005821461,45.0161005821461,High
971,45,72,350.534249764976,467.534249764976,46.7534249764976,High
972,34,105,313.032319636963,452.032319636963,45.2032319636963,High
973,45,0,361.495513473774,406.495513473774,40.6495513473774,Medium
974,40,0,360.723763816502,400.723763816502,40.0723763816502,Medium
975,33,0,346.289342632598,379.289342632598,37.9289342632598,Medium
976,34,0,412.058412277405,446.058412277405,44.6058412277405,Medium
977,40,0,371.315040464675,411.315040464675,41.1315040464675,Medium
978,35,88,343.227433945229,466.227433945229,46.6227433945229,High
979,51,88,317.962807854836,456.962807854836,45.6962807854836,High
980,38,96,227.838212984496,361.838212984496,36.1838212984496,High
981,56,117,327.314218731397,500.314218731397,50.0314218731397,High
982,43,135,212.309527289957,390.309527289957,39.0309527289957,High
983,50,96,179.273112994169,325.273112994169,32.5273112994169,High
984,42,107,207.242622276784,356.242622276784,35.6242622276784,High
985,46,0,175.800048408883,221.800048408883,22.1800048408883,Low
986,35,0,163.344384257796,198.344384257796,19.8344384257796,Low
987,45,0,212.97347439194,257.97347439194,25.797347439194,Low
988,42,0,199.883219243733,241.883219243733,24.1883219243733,Low
989,44,0,235.755822225506,279.755822225506,27.9755822225506,Low
990,45,0,287.540519835325,332.540519835325,33.2540519835324,Medium
991,43,0,252.877756252178,295.877756252178,29.5877756252178,Medium
992,47,0,238.036229185002,285.036229185002,28.5036229185002,Low
993,60,112,256.759670762064,428.759670762064,42.8759670762064,High
994,48,0,267.175611883656,315.175611883656,31.5175611883656,Medium
995,43,0,257.690456323793,300.690456323793,30.0690456323793,Medium
996,44,0,278.608184216921,322.608184216921,32.2608184216921,Medium
997,48,0,373.054545656485,421.054545656485,42.1054545656485,Medium
998,64,0,356.053459555572,420.053459555572,42.0053459555572,Medium
999,47,0,350.727979345869,397.727979345869,39.7727979345869,Medium
1000,49,0,311.551516230218,360.551516230218,36.0551516230218,Medium
